addr	size	name	confidence	args	ret	callers	callees	frame	saved	tags
0x80113B00	8	func_80113B00	high	0	void	1	0	0		leaf
0x80113B08	188	BootEntry	low	0	u32	0	2	0		break|gp
0x80113BC4	508	func_80113BC4	medium	0	u32	1	17	40	s0|s1|s2|s3|s4|ra	
0x80113DC0	116	func_80113DC0	verified	0	void	1	11	24	ra	
0x80113E34	376	func_80113E34	verified	4	u32	1	5	56	s0|s1|s2|s3|ra	
0x80113FAC	40	func_80113FAC	high	2	u32	1	0	0		leaf
0x80113FD4	160	func_80113FD4	verified	0	u32	1	6	32	s0|s1|ra	
0x80114074	76	func_80114074	high	0	u32	1	0	0		leaf
0x801140C0	192	func_801140C0	verified	0	u32	1	5	24	s0|ra	
0x801141D8	92	func_801141D8	verified	2	u32	6	3	32	s0|s1|ra	
0x80114234	52	func_80114234	medium	1	u32	10	1	24	ra	orphan
0x80114268	80	func_80114268	medium	0	u32	0	4	24	s0|ra	orphan
0x801142B8	88	func_801142B8	verified	1	u32	1	3	24	s0|ra	
0x80114310	88	func_80114310	medium	1	u32	0	4	24	s0|ra	orphan
0x80114648	104	func_80114648	high	0	u32	1	0	0		leaf
0x801146B0	288	func_801146B0	verified	0	u32	1	13	40	s0|s1|s2|s3|ra	
0x801147D0	132	func_801147D0	high	1	u32	1	0	0		leaf
0x80114C9C	248	func_80114C9C	medium	1	u32	0	2	40	s0|s1|ra	orphan
0x80114D94	216	func_80114D94	medium	0	u32	0	4	40	s0|s1|ra	orphan
0x80114EF0	6700	func_80114EF0	low	3	u32	0	7	0	s0|s1|s2|s3|s4|s5|s6|s7|fp|ra	orphan
0x8011691C	788	func_8011691C	medium	2	u32	1	2	56	s0|s1|s2|s3|s4|s5|s6|s7|fp|ra	orphan
0x80116C30	96	func_80116C30	low	2	u32	1	0	0		leaf|orphan
0x80116C90	592	func_80116C90	medium	0	u32	1	2	40	s0|s1|ra	orphan
0x80116EE0	476	func_80116EE0	medium	1	u32	0	4	48	s0|s1|s2|s3|ra	orphan
0x801170BC	192	func_801170BC	medium	0	u32	0	3	40	s0|s1|ra	orphan
0x80117BB4	68	func_80117BB4	low	0	u32	1	0	0		leaf|orphan
0x80117BF8	600	func_80117BF8	medium	0	u32	0	4	40	s0|s1|s2|s3|s4|ra	orphan
0x8011861C	552	func_8011861C	medium	1	u32	0	4	40	s0|s1|s2|ra	orphan
0x80118B94	232	func_80118B94	medium	0	u32	0	3	32	s0|s1|ra	orphan
0x80119168	148	func_80119168	medium	0	u32	0	2	32	s0|s1|ra	orphan
0x801191FC	420	func_801191FC	medium	0	u32	0	5	40	s0|s1|s2|ra	orphan
0x801193A0	28	func_801193A0	low	0	u32	0	0	0		leaf|orphan
0x801195BC	156	func_801195BC	verified	0	u32	1	3	24	s0|ra	
0x801197B4	288	func_801197B4	verified	2	u32	6	1	24	ra	break
0x801198D4	40	func_801198D4	verified	1	u32	2	1	24	ra	
0x801198FC	100	func_801198FC	verified	1	u32	3	1	24	ra	
0x80119960	352	func_80119960	verified	2	u32	1	9	40	s0|s1|s2|s3|ra	
0x80119AC0	152	func_80119AC0	verified	0	u32	1	4	24	s0|ra	indirect
0x80119FCC	156	func_80119FCC	verified	1	u32	1	2	32	s0|s1|ra	
0x8011A0C8	84	func_8011A0C8	verified	2	u32	3	1	24	ra	
0x8011A174	520	func_8011A174	verified	0	u32	1	8	40	s0|ra	
0x8011A37C	256	func_8011A37C	medium	1	u32	10	3	40	s0|s1|s2|ra	orphan
0x8011A47C	320	func_8011A47C	medium	2	u32	5	3	40	s0|s1|s2|ra	orphan
0x8011A86C	80	func_8011A86C	low	1	u32	0	0	0		leaf|orphan
0x8011A8BC	2488	func_8011A8BC	medium	4	u32	0	4	32	s0|s1|ra	orphan
0x8011B274	56	func_8011B274	medium	1	u32	1	1	24	s0|ra	orphan
0x8011B2AC	120	func_8011B2AC	verified	1	u32	1	2	40	s0|s1|s2|ra	
0x8011B324	84	func_8011B324	verified	1	u32	2	2	24	s0|ra	
0x8011B378	176	func_8011B378	medium	1	u32	2	3	40	s0|s1|s2|ra	orphan
0x8011B428	956	func_8011B428	verified	0	u32	1	1	48	s0|s1|s2|s3|s4|ra	
0x8011B7E4	480	func_8011B7E4	verified	0	u32	1	3	40	s0|s1|s2|s3|s4|ra	
0x8011B9C4	56	func_8011B9C4	verified	0	void	1	4	24	ra	
0x8011CE04	120	func_8011CE04	medium	0	u32	0	2	24	s0|ra	orphan|indirect
0x8011DA80	152	func_8011DA80	medium	1	u32	0	2	24	s0|ra	orphan
0x8011DB34	92	func_8011DB34	medium	1	u32	1	2	24	s0|ra	orphan
0x8011DB90	96	func_8011DB90	medium	1	u32	0	2	24	s0|ra	orphan
0x8011DBF0	596	func_8011DBF0	medium	2	u32	2	1	48	s0|s1|s2|s3|s4|ra	orphan
0x8011DE44	44	func_8011DE44	low	0	u32	0	0	0		leaf|orphan
0x8011DE70	244	func_8011DE70	verified	0	u32	1	3	32	ra	
0x8011DF64	84	func_8011DF64	verified	0	void	1	5	24	ra	
0x8011E018	76	func_8011E018	high	1	u32	1	3	0	s0|ra	
0x8011E094	1352	func_8011E094	verified	0	u32	1	1	40	s0|s1|s2|s3|s4|ra	
0x8011E5DC	140	func_8011E5DC	verified	0	u32	1	1	24	s0|ra	
0x8011E668	4768	func_8011E668	verified	4	u32	2	6	96	s0|s1|s2|s3|s4|s5|s6|s7|fp|ra	
0x8011F938	128	func_8011F938	high	0	u32	1	1	0	s0|s1|ra	
0x8011F9B8	284	func_8011F9B8	low	4	u32	14	0	0		leaf|orphan
0x8011FAD4	36	func_8011FAD4	medium	0	u32	0	1	24	ra	orphan
0x8011FAF8	144	func_8011FAF8	high	0	u32	2	0	0		leaf
0x8011FB88	312	func_8011FB88	high	0	u32	1	1	0	ra	
0x8011FCC0	292	func_8011FCC0	low	0	u32	1	0	0		leaf|orphan
0x8011FDE4	92	func_8011FDE4	high	0	u32	1	0	0		leaf
0x8011FE40	60	func_8011FE40	high	0	u32	1	0	0		leaf
0x8011FEC8	116	func_8011FEC8	high	1	u32	3	0	0		leaf
0x8011FF3C	100	func_8011FF3C	low	4	u32	10	0	0		leaf|orphan
0x8011FFA0	36	func_8011FFA0	low	0	u32	1	0	0		leaf|orphan
0x801204C4	80	func_801204C4	medium	1	u32	0	1	24	s0|ra	orphan
0x80120514	80	func_80120514	medium	1	u32	0	1	24	s0|ra	orphan
0x80120564	80	func_80120564	medium	1	u32	0	1	24	s0|ra	orphan
0x801205B4	80	func_801205B4	medium	1	u32	0	1	24	s0|ra	orphan
0x80120604	256	func_80120604	low	1	u32	1	0	0		leaf|orphan
0x80120704	292	func_80120704	low	1	u32	1	0	0		leaf|orphan
0x80120828	248	func_80120828	low	1	u32	1	0	0		leaf|orphan
0x80120920	316	func_80120920	low	1	u32	1	0	0		leaf|orphan
0x80120B44	36	func_80120B44	medium	0	u32	0	1	24	ra	orphan
0x80120B68	36	func_80120B68	medium	0	u32	0	1	24	ra	orphan
0x80120B8C	172	func_80120B8C	medium	0	u32	1	1	24	ra	orphan
0x80120C38	180	func_80120C38	medium	0	u32	1	1	24	ra	orphan
0x80120CEC	164	func_80120CEC	medium	0	u32	0	1	24	ra	orphan
0x80120D90	168	func_80120D90	medium	0	u32	1	1	24	ra	orphan
0x80121020	152	func_80121020	high	0	u32	1	0	0		leaf
0x80121240	588	func_80121240	medium	4	u32	0	0	24	s0|s1|s2|s3|s4	leaf|orphan
0x80121604	144	func_80121604	low	3	u32	0	0	0		leaf|orphan
0x80121694	184	func_80121694	high	0	u32	1	1	0	s0|s1|s2|s3|ra	
0x801219D8	168	func_801219D8	high	2	u32	2	0	0		leaf
0x80121A80	192	func_80121A80	low	2	u32	1	0	0		leaf|orphan
0x80121B40	80	func_80121B40	low	1	u32	4	0	0		leaf|orphan
0x80121B90	32	func_80121B90	high	1	u32	4	0	0		leaf
0x80121BB0	64	func_80121BB0	high	0	u32	33	0	0		leaf
0x80121C58	32	func_80121C58	medium	2	void	0	1	24	ra	orphan
0x80121C78	60	func_80121C78	medium	1	u32	0	1	24	ra	orphan
0x80121D18	76	func_80121D18	medium	2	u32	0	1	24	ra	orphan
0x80121D64	148	func_80121D64	medium	1	u32	0	1	24	ra	orphan
0x80121DF8	148	func_80121DF8	medium	1	u32	0	1	24	s0|ra	orphan
0x80121E8C	192	func_80121E8C	medium	1	u32	1	2	24	s0|ra	orphan
0x80122038	72	func_80122038	verified	1	u32	7	0	24	ra	indirect
0x80122154	104	func_80122154	verified	2	u32	2	1	24	ra	
0x801221BC	200	func_801221BC	high	1	u32	4	0	0		leaf
0x80122780	64	func_80122780	medium	0	void	1	5	24	ra	orphan
0x80122810	80	func_80122810	medium	0	void	0	7	24	ra	orphan
0x80122860	356	func_80122860	medium	0	u32	1	6	24	ra	orphan
0x801229C4	124	func_801229C4	medium	0	u32	2	5	24	ra	orphan
0x80122A40	124	func_80122A40	medium	0	u32	0	5	24	ra	orphan
0x80122ABC	236	func_80122ABC	medium	0	u32	2	1	32	s0|s1|ra	orphan
0x80122BA8	236	func_80122BA8	medium	0	u32	2	1	32	s0|s1|ra	orphan
0x80122C94	188	func_80122C94	medium	0	u32	3	1	24	ra	orphan
0x80122D50	236	func_80122D50	medium	0	u32	1	1	32	s0|s1|ra	orphan
0x80122E3C	20	func_80122E3C	low	0	u32	3	0	0		leaf|orphan
0x80122E64	64	func_80122E64	low	0	u32	2	0	0		leaf|orphan
0x80122EA4	472	func_80122EA4	medium	0	u32	2	1	32	s0|s1|ra	orphan
0x8012307C	236	func_8012307C	medium	0	u32	2	1	32	s0|s1|ra	orphan
0x80123168	68	func_80123168	low	0	u32	1	0	0		leaf|orphan
0x801231AC	72	func_801231AC	medium	0	void	2	1	24	ra	orphan
0x801231F4	72	func_801231F4	low	1	void	1	0	0		leaf|orphan
0x8012323C	104	func_8012323C	medium	0	u32	1	1	32	s0|s1|ra	orphan
0x801232A4	40	func_801232A4	low	0	u32	1	0	0		leaf|orphan
0x801232CC	40	func_801232CC	high	0	u32	2	0	0		leaf
0x801232F4	108	func_801232F4	medium	0	u32	1	2	32	s0|s1|ra	orphan
0x80123360	100	func_80123360	medium	0	u32	1	1	32	s0|s1|ra	orphan
0x801233C4	128	func_801233C4	low	0	u32	1	0	0		leaf|orphan
0x80123444	40	func_80123444	low	0	u32	1	0	0		leaf|orphan
0x8012346C	200	func_8012346C	low	3	u32	0	0	0		leaf|orphan
0x80123534	64	func_80123534	medium	2	u32	8	1	32	ra	orphan
0x80123574	64	func_80123574	verified	2	u32	15	1	32	ra	
0x801236A4	80	func_801236A4	high	4	u32	2	0	0		leaf
0x801236F4	184	func_801236F4	low	1	u32	0	0	0		leaf|orphan
0x801237AC	44	func_801237AC	high	0	u32	0	1	24	ra	addr_taken
0x801237D8	44	func_801237D8	verified	0	u32	1	1	24	ra	addr_taken
0x8012385C	48	func_8012385C	high	1	u32	0	0	0		leaf|addr_taken
0x8012388C	96	func_8012388C	verified	2	void	2	1	32	s0|s1|ra	
0x80123958	40	func_80123958	high	1	u32	9	0	0		leaf
0x80123CC4	304	func_80123CC4	medium	3	u32	0	1	32	s0|s1|s2|ra	orphan
0x80123DF4	92	func_80123DF4	low	2	u32	0	0	0		leaf|orphan
0x801240EC	68	func_801240EC	medium	0	u32	0	1	24	ra	orphan
0x801245EC	340	func_801245EC	medium	2	u32	0	3	32	s0|s1|s2|ra	orphan
0x80124740	64	func_80124740	low	1	u32	1	0	0		leaf|orphan
0x80124780	52	func_80124780	low	2	u32	1	0	0		leaf|orphan
0x80124CA0	140	func_80124CA0	medium	2	u32	0	1	24	ra	orphan
0x80124D2C	132	func_80124D2C	medium	1	u32	1	1	24	s0|ra	orphan
0x80124F7C	100	func_80124F7C	low	2	u32	0	0	0		leaf|orphan
0x80124FE0	72	func_80124FE0	low	2	u32	0	0	0		leaf|orphan
0x80125028	60	func_80125028	medium	2	u32	0	1	24	ra	orphan
0x80125064	140	func_80125064	medium	0	u32	2	2	24	ra	orphan|indirect
0x80125314	8	func_80125314	low	0	void	1	0	0		leaf|orphan
0x801253EC	248	func_801253EC	medium	2	u32	0	1	24	s0|ra	orphan
0x801254E4	152	func_801254E4	medium	1	u32	0	2	40	s0|s1|s2|s3|ra	orphan
0x8012557C	472	func_8012557C	medium	2	u32	0	1	24	ra	orphan
0x801257C8	68	func_801257C8	low	2	u32	0	0	0		leaf|orphan
0x8012580C	124	func_8012580C	medium	0	u32	0	1	32	s0|s1|ra	orphan
0x80125888	124	func_80125888	medium	0	u32	0	1	32	s0|s1|ra	orphan
0x801259A0	32	func_801259A0	low	2	u32	2	0	0		leaf|orphan
0x801259C0	64	func_801259C0	medium	0	u32	0	0	24	ra	orphan|indirect
0x80125AE8	140	func_80125AE8	medium	1	u32	0	1	24	ra	orphan
0x80125B74	140	func_80125B74	medium	1	u32	0	1	24	ra	orphan
0x80125C00	140	func_80125C00	medium	1	u32	0	1	24	ra	orphan
0x80125C8C	140	func_80125C8C	medium	1	u32	0	1	24	ra	orphan
0x80125D18	60	func_80125D18	low	3	u32	4	0	0		leaf|orphan
0x80125D54	332	func_80125D54	medium	0	u32	0	3	32	s0|s1|ra	orphan
0x80125EA0	192	func_80125EA0	medium	0	u32	1	2	32	ra	orphan|indirect
0x80126120	136	func_80126120	low	4	u32	5	0	0		leaf|orphan
0x801261A8	96	func_801261A8	medium	0	void	1	1	32	ra	orphan
0x80126208	104	func_80126208	medium	0	void	0	2	32	ra	orphan
0x80126270	56	func_80126270	medium	0	void	0	2	32	ra	orphan
0x801262F8	108	func_801262F8	medium	1	void	2	1	32	s0|ra	orphan
0x80126364	104	func_80126364	low	0	u32	1	0	0		leaf|orphan
0x801263CC	84	func_801263CC	low	0	u32	0	0	0		leaf|orphan
0x80126584	32	func_80126584	medium	0	void	0	1	24	ra	orphan
0x801265A4	196	func_801265A4	low	0	u32	0	0	0		leaf|orphan
0x8012670C	68	func_8012670C	medium	0	u32	1	0	24	ra	orphan|indirect
0x801268E4	760	func_801268E4	low	4	u32	0	3	0	s0|ra	orphan
0x80126E34	92	func_80126E34	low	0	u32	1	1	0	ra	orphan
0x80126E90	368	func_80126E90	medium	1	u32	1	2	48	s0|s1|s2|s3|ra	orphan
0x80127000	84	func_80127000	low	0	u32	0	0	0		leaf|orphan
0x80127054	92	func_80127054	low	0	u32	1	2	0	ra	orphan
0x80127408	40	func_80127408	low	1	u32	0	0	0		leaf|orphan
0x80127430	8	func_80127430	low	0	void	0	0	0		leaf|orphan
0x80127438	632	func_80127438	medium	1	u32	0	1	40	s0|s1|s2|s3|s4|ra	orphan
0x801276B0	632	func_801276B0	medium	1	u32	0	1	48	s0|s1|s2|s3|s4|s5|ra	orphan
0x80127928	500	func_80127928	medium	1	u32	0	1	72	s0|s1|s2|s3|s4|s5|s6|s7|ra	orphan
0x80127B1C	412	func_80127B1C	low	1	u32	0	0	0		leaf|orphan
0x80127CB8	180	func_80127CB8	low	1	u32	0	0	0		leaf|orphan
0x80127D6C	288	func_80127D6C	medium	0	u32	0	0	24	ra	orphan|indirect
0x801283B0	296	func_801283B0	low	1	u32	0	3	0	s0|ra	orphan
0x801284D8	76	func_801284D8	low	2	u32	1	0	0		leaf|orphan
0x80128524	80	func_80128524	low	2	u32	1	0	0		leaf|orphan
0x80128574	300	func_80128574	low	1	u32	0	1	0	s0|ra	orphan
0x801286A0	64	func_801286A0	medium	0	u32	1	0	24	ra	orphan|indirect
0x801287C8	88	func_801287C8	medium	2	u32	1	0	24	ra	orphan|indirect
0x80128918	296	func_80128918	medium	4	u32	0	1	24	ra	orphan
0x80128A40	64	func_80128A40	medium	0	u32	1	0	24	ra	orphan|indirect
0x80128B58	88	func_80128B58	medium	2	u32	1	0	24	ra	orphan|indirect
0x80128C0C	208	func_80128C0C	medium	4	u32	0	1	24	ra	orphan
0x80128CDC	672	func_80128CDC	low	1	u32	2	0	0		leaf|orphan
0x80128F7C	172	func_80128F7C	medium	1	u32	2	1	40	s0|s1|s2|ra	orphan
0x8012AE78	116	func_8012AE78	low	2	u32	1	0	0		leaf|orphan
0x8012AEEC	92	func_8012AEEC	medium	1	u32	0	2	24	s0|ra	orphan
0x8012AF48	412	func_8012AF48	medium	0	u32	1	2	48	s0|s1|s2|s3|s4|s5|ra	orphan
0x8012B0E4	196	func_8012B0E4	medium	0	u32	0	16	24	s0|ra	orphan
0x8012B1A8	648	func_8012B1A8	medium	1	u32	1	1	48	s0|s1|s2|s3|s4|s5|ra	orphan
0x8012B430	360	func_8012B430	medium	1	u32	1	1	40	s0|s1|s2|s3|s4|ra	orphan
0x8012B598	648	func_8012B598	medium	1	u32	1	1	40	s0|s1|s2|s3|s4|ra	orphan
0x8012B820	368	func_8012B820	low	1	u32	1	1	0	s0|s1|s2|s3|s4|ra	orphan
0x8012B990	188	func_8012B990	medium	1	u32	1	1	40	s0|s1|s2|s3|s4|ra	orphan
0x8012BA4C	152	func_8012BA4C	low	1	u32	1	1	0	s0|s1|s2|ra	orphan
0x8012BAE4	744	func_8012BAE4	medium	2	u32	1	1	40	s0|s1|s2|s3|ra	orphan
0x8012BDCC	160	func_8012BDCC	low	1	u32	1	1	0	s0|s1|ra	orphan
0x8012BE6C	116	func_8012BE6C	medium	3	u32	1	0	24	ra	orphan|indirect
0x8012BFEC	824	func_8012BFEC	medium	3	u32	0	0	16	s0|s1|s2	leaf|orphan
0x8012C418	96	func_8012C418	medium	2	u32	5	1	32	s0|s1|ra	orphan|indirect
0x8012C478	1244	func_8012C478	verified	1	u32	1	1	40	s0|s1|s2|s3|ra	addr_taken
0x8012C954	1016	func_8012C954	verified	1	u32	1	0	8	s0	leaf|addr_taken
0x8012CDBC	204	func_8012CDBC	medium	2	u32	0	1	40	s0|s1|s2|s3|s4|ra	orphan
0x8012CF78	204	func_8012CF78	medium	2	u32	0	1	40	s0|s1|s2|s3|s4|ra	orphan
0x8012D34C	392	func_8012D34C	verified	1	u32	1	2	56	s0|s1|s2|s3|s4|s5|s6|s7|fp|ra	indirect
0x8012D4D4	204	func_8012D4D4	high	1	u32	1	0	0		leaf
0x8012D694	240	func_8012D694	low	1	u32	1	0	0		leaf|orphan
0x8012D784	512	func_8012D784	medium	2	u32	1	1	32	s0|s1|ra	orphan
0x8012D984	84	func_8012D984	low	0	u32	1	0	0		leaf|orphan
0x8012D9D8	524	func_8012D9D8	verified	1	u32	1	2	40	s0|s1|s2|s3|ra	
0x8012DBE4	168	func_8012DBE4	high	0	u32	1	0	0		leaf
0x8012DC8C	796	func_8012DC8C	medium	0	u32	2	0	32	s0|s1|s2|s3|s4|s5|s6|s7	leaf|orphan
0x8012DFA8	160	func_8012DFA8	medium	1	u32	1	1	40	s0|s1|s2|s3|ra	orphan
0x8012E048	252	func_8012E048	medium	1	u32	1	5	32	s0|s1|ra	orphan
0x8012E144	244	func_8012E144	medium	3	u32	1	3	32	s0|s1|s2|ra	orphan
0x8012E238	572	func_8012E238	medium	3	u32	1	2	32	s0|s1|ra	orphan
0x8012E474	320	func_8012E474	low	2	u32	1	1	0	s0|s1|ra	orphan
0x8012E5B4	60	func_8012E5B4	medium	2	void	1	1	24	s0|ra	orphan
0x8012E5F0	224	func_8012E5F0	medium	2	u32	1	1	24	s0|ra	orphan
0x8012E6D0	1040	func_8012E6D0	medium	3	u32	5	0	40	s0|s1|s2|s3|s4|s5|s6|s7	leaf|orphan
0x8012EAE0	188	func_8012EAE0	medium	3	u32	1	1	32	s0|s1|s2|ra	orphan|indirect
0x8012EB9C	652	func_8012EB9C	verified	3	u32	1	2	48	s0|s1|s2|s3|s4|s5|ra	addr_taken
0x8012F2A0	472	func_8012F2A0	high	3	u32	2	0	0		leaf|addr_taken
0x8012FA68	896	func_8012FA68	medium	1	u32	1	3	88	s0|s1|s2|s3|s4|s5|s6|s7|fp|ra	orphan
0x8012FDE8	288	func_8012FDE8	low	1	u32	1	0	0		leaf|orphan
0x8012FF08	80	func_8012FF08	verified	3	void	1	2	32	s0|s1|s2|ra	
0x8012FF58	296	func_8012FF58	high	2	u32	2	0	0		leaf
0x80130080	532	func_80130080	verified	3	u32	2	0	8	s0	leaf|break
0x80130294	244	func_80130294	high	2	u32	2	0	0		leaf
0x80130388	228	func_80130388	low	3	u32	1	0	0		leaf|orphan
0x8013046C	208	func_8013046C	verified	3	u32	23	1	24	ra	
0x8013053C	116	func_8013053C	medium	3	u32	5	1	24	ra	orphan
0x801305B0	72	func_801305B0	medium	1	void	0	2	32	s0|s1|ra	orphan
0x801305F8	28	func_801305F8	low	1	u32	3	0	0		leaf|orphan
0x80130614	72	func_80130614	medium	1	void	1	2	32	s0|s1|ra	orphan
0x8013065C	72	func_8013065C	medium	1	void	3	2	32	s0|s1|ra	orphan
0x801306A4	40	func_801306A4	medium	1	void	0	1	24	ra	orphan
0x801306CC	308	func_801306CC	low	0	u32	0	6	0	s0|s1|s2|s3|ra	orphan
0x80130800	552	func_80130800	medium	4	u32	1	2	40	s0|s1|s2|s3|ra	orphan
0x80130A28	140	func_80130A28	medium	2	u32	1	2	32	s0|s1|ra	orphan
0x80130AB4	160	func_80130AB4	medium	2	u32	3	1	24	ra	orphan
0x80130B54	648	func_80130B54	medium	3	u32	1	1	32	s0|s1|s2|ra	orphan
0x80130DDC	568	func_80130DDC	medium	4	u32	1	2	40	s0|s1|s2|s3|s4|ra	orphan
0x80131014	204	func_80131014	medium	3	u32	2	7	40	s0|s1|s2|s3|ra	orphan
0x801310E0	672	func_801310E0	medium	3	u32	1	11	40	s0|s1|s2|s3|ra	orphan
0x80131380	68	func_80131380	medium	2	u32	1	0	24	ra	orphan|indirect
0x80131810	328	func_80131810	medium	3	u32	2	4	32	s0|s1|s2|ra	orphan|indirect
0x80131958	208	func_80131958	medium	2	u32	2	3	32	s0|s1|ra	orphan|indirect
0x80131AE0	64	func_80131AE0	high	1	u32	0	2	24	ra	addr_taken
0x80131B20	64	func_80131B20	high	1	u32	0	2	24	ra	addr_taken
0x80131B60	176	func_80131B60	high	2	u32	0	5	32	s0|s1|ra	addr_taken
0x80131C10	64	func_80131C10	high	1	u32	0	2	24	ra	addr_taken
0x80131C50	64	func_80131C50	high	1	u32	0	2	24	ra	addr_taken
0x80131C90	176	func_80131C90	high	2	u32	0	5	32	s0|s1|ra	addr_taken
0x80131D40	36	func_80131D40	verified	1	u32	2	1	24	ra	addr_taken
0x80131D64	36	func_80131D64	verified	1	u32	4	1	24	ra	addr_taken
0x80131D88	36	func_80131D88	verified	1	u32	3	1	24	ra	addr_taken
0x80131E18	40	func_80131E18	verified	0	u32	2	1	24	ra	
0x80131E40	20	func_80131E40	high	1	u32	1	0	0		leaf|addr_taken
0x80131F00	20	func_80131F00	high	1	u32	0	0	0		leaf|addr_taken
0x80131F98	72	func_80131F98	high	1	u32	2	0	0		leaf
0x80131FE0	76	func_80131FE0	high	1	u32	10	0	0		leaf
0x8013202C	480	func_8013202C	medium	2	u32	1	4	32	s0|s1|s2|ra	orphan
0x8013220C	248	func_8013220C	medium	1	u32	1	1	32	s0|s1|s2|ra	orphan
0x80132304	120	func_80132304	low	4	u32	1	0	0		leaf|orphan
0x8013237C	160	func_8013237C	low	2	u32	1	0	0		leaf|orphan
0x8013241C	288	func_8013241C	low	2	u32	1	0	0		leaf|orphan
0x8013253C	156	func_8013253C	low	2	u32	1	0	0		leaf|orphan
0x801325D8	52	func_801325D8	low	3	u32	1	0	0		leaf|orphan
0x8013260C	132	func_8013260C	low	3	u32	1	0	0		leaf|orphan
0x80132690	396	func_80132690	low	3	u32	1	0	0		leaf|orphan
0x8013281C	116	func_8013281C	medium	1	u32	1	1	32	s0|s1|ra	orphan
0x80132890	60	func_80132890	low	1	u32	1	0	0		leaf|orphan
0x801328CC	164	func_801328CC	medium	2	u32	1	1	24	s0|ra	orphan
0x80132970	360	func_80132970	low	3	u32	1	0	0		leaf|orphan
0x80132AD8	144	func_80132AD8	low	2	u32	1	0	0		leaf|orphan
0x80132B68	464	func_80132B68	medium	3	u32	1	5	40	s0|s1|s2|s3|ra	orphan
0x80132D38	44	func_80132D38	low	2	u32	1	0	0		leaf|orphan
0x80132D64	152	func_80132D64	medium	3	u32	1	3	32	s0|s1|s2|ra	orphan
0x80132DFC	216	func_80132DFC	medium	2	u32	2	3	32	s0|s1|s2|ra	orphan
0x80132ED4	200	func_80132ED4	medium	3	u32	1	1	24	s0|ra	orphan
0x80132F9C	160	func_80132F9C	low	2	u32	2	0	0		leaf|orphan
0x8013303C	72	func_8013303C	medium	0	void	1	1	24	ra	orphan
0x80133084	52	func_80133084	low	1	u32	1	0	0		leaf|orphan
0x801330B8	344	func_801330B8	low	3	u32	2	0	0		leaf|orphan
0x80133210	272	func_80133210	medium	4	u32	2	3	40	s0|s1|s2|s3|s4|ra	orphan
0x80133320	156	func_80133320	low	2	u32	1	0	0		leaf|orphan
0x801333BC	44	func_801333BC	low	2	u32	1	0	0		leaf|orphan
0x801333E8	656	func_801333E8	medium	3	u32	1	4	40	s0|s1|s2|s3|s4|ra	orphan
0x80133678	64	func_80133678	low	2	u32	1	0	0		leaf|orphan
0x801336B8	164	func_801336B8	low	2	u32	2	0	0		leaf|orphan
0x8013375C	244	func_8013375C	low	2	u32	1	0	0		leaf|orphan
0x80133850	128	func_80133850	low	3	u32	1	0	0		leaf|orphan
0x801338D0	68	func_801338D0	low	1	u32	2	0	0		leaf|orphan
0x80133914	576	func_80133914	medium	2	u32	1	2	40	s0|s1|s2|s3|ra	orphan
0x80133B54	48	func_80133B54	low	2	u32	1	0	0		leaf|orphan
0x80133B84	60	func_80133B84	low	2	u32	1	0	0		leaf|orphan
0x80133BC0	228	func_80133BC0	low	2	u32	2	1	0	ra	orphan
0x80133CA4	348	func_80133CA4	low	4	u32	2	2	0	ra	orphan
0x80133E00	284	func_80133E00	low	4	u32	1	0	0		leaf|orphan
0x80133F1C	364	func_80133F1C	low	4	u32	1	0	0		leaf|orphan
0x80134088	244	func_80134088	low	4	u32	2	0	0		leaf|orphan
0x80134270	296	func_80134270	low	4	u32	3	0	0		leaf|orphan
0x80134398	44	func_80134398	low	1	u32	1	0	0		leaf|orphan
0x801343C4	308	func_801343C4	medium	0	u32	0	1	24	s0|ra	orphan
0x801344F8	832	func_801344F8	low	2	u32	1	0	0		leaf|orphan
0x80134838	320	func_80134838	medium	0	u32	1	3	56	s0|s1|s2|s3|s4|s5|s6|s7|fp|ra	orphan
0x80134978	308	func_80134978	medium	0	u32	1	3	56	s0|s1|s2|s3|s4|s5|s6|s7|ra	orphan
0x80134AAC	164	func_80134AAC	medium	2	u32	2	1	24	s0|ra	orphan
0x80134B50	104	func_80134B50	low	1	u32	3	0	0		leaf|orphan
0x80134BB8	460	func_80134BB8	low	0	u32	1	2	0	s0|s1|s2|s3|s4|s5|s6|s7|fp|ra	orphan
0x80134D84	60	func_80134D84	medium	1	u32	1	0	24	ra	orphan|indirect
0x801351A4	220	func_801351A4	medium	2	u32	0	1	40	s0|s1|s2|s3|s4|ra	orphan
0x801352E4	60	func_801352E4	low	1	u32	2	0	0		leaf|orphan
0x80135450	428	func_80135450	low	2	u32	0	0	0		leaf|orphan
0x80135760	104	func_80135760	medium	2	u32	0	1	24	ra	orphan
0x801357C8	80	func_801357C8	low	1	u32	1	0	0		leaf|orphan
0x80135818	404	func_80135818	medium	3	u32	1	1	40	s0|s1|s2|s3|ra	orphan
0x801359AC	684	func_801359AC	medium	0	u32	0	10	48	s0|s1|s2|s3|s4|s5|ra	orphan
0x80135C58	56	func_80135C58	medium	0	u32	1	1	24	ra	orphan
0x80135C90	272	func_80135C90	low	0	u32	1	0	0		leaf|orphan
0x80135DA0	72	func_80135DA0	medium	0	void	1	1	24	ra	orphan
0x80135DE8	144	func_80135DE8	low	1	u32	1	0	0		leaf|orphan
0x80135E78	224	func_80135E78	medium	0	u32	1	1	24	ra	orphan
0x80135F58	56	func_80135F58	low	1	u32	1	0	0		leaf|orphan
0x80135F90	160	func_80135F90	medium	0	u32	1	1	24	ra	orphan
0x80136030	252	func_80136030	low	3	u32	1	0	0		leaf|orphan
0x8013612C	200	func_8013612C	low	1	u32	1	0	0		leaf|orphan
0x801361F4	464	func_801361F4	medium	1	u32	1	0	32		leaf|orphan
0x801363C4	40	func_801363C4	low	0	u32	1	0	0		leaf|orphan
0x801363EC	104	func_801363EC	medium	1	u32	1	4	24	s0|ra	orphan
0x80136454	648	func_80136454	medium	1	u32	1	17	24	s0|ra	orphan
0x801366DC	44	func_801366DC	low	1	u32	1	0	0		leaf|orphan
0x80136708	380	func_80136708	medium	1	u32	1	0	24	s0|ra	orphan|indirect
0x80136884	580	func_80136884	low	1	u32	1	0	0		leaf|orphan
0x80136AC8	148	func_80136AC8	medium	1	u32	1	6	24	s0|ra	orphan|indirect
0x80136B5C	860	func_80136B5C	medium	1	u32	1	5	32	s0|s1|ra	orphan
0x80136EB8	76	func_80136EB8	low	1	u32	1	0	0		leaf|orphan
0x80136F04	132	func_80136F04	low	1	u32	1	0	0		leaf|orphan
0x80136F88	684	func_80136F88	medium	1	u32	1	4	32	s0|s1|ra	orphan
0x80137234	104	func_80137234	medium	2	u32	1	1	24	ra	orphan
0x8013729C	92	func_8013729C	low	1	u32	1	0	0		leaf|orphan
0x801377DC	104	func_801377DC	medium	1	u32	0	2	24	s0|ra	orphan
0x801378C4	336	func_801378C4	low	1	u32	0	16	0	s0|ra	orphan
0x80137A14	104	func_80137A14	medium	1	u32	1	4	24	s0|ra	orphan
0x80137AC0	296	func_80137AC0	low	1	u32	0	14	0	s0|ra	orphan
0x80137BE8	104	func_80137BE8	medium	1	u32	1	4	24	s0|ra	orphan
0x80137CB8	164	func_80137CB8	medium	1	u32	1	2	24	s0|ra	orphan
0x80137D5C	448	func_80137D5C	low	1	u32	1	21	0	s0|ra	orphan
0x80138AAC	100	func_80138AAC	medium	1	u32	0	3	24	ra	orphan
0x80138C34	108	func_80138C34	medium	1	u32	1	0	24	ra	orphan|indirect
0x80139374	84	func_80139374	medium	1	u32	0	1	24	ra	orphan
0x80139930	16	func_80139930	low	1	void	1	0	0		leaf|orphan
0x801399C4	40	func_801399C4	medium	1	u32	1	1	24	ra	orphan
0x801399EC	84	func_801399EC	medium	1	u32	2	1	24	ra	orphan
0x80139A70	104	func_80139A70	medium	1	u32	0	2	24	ra	orphan
0x80139EA8	396	func_80139EA8	medium	1	u32	0	5	32	s0|s1|s2|ra	orphan
0x8013A034	492	func_8013A034	medium	1	u32	1	2	40	s0|s1|s2|s3|ra	orphan
0x8013A220	256	func_8013A220	medium	1	u32	1	1	32	s0|s1|ra	orphan
0x8013A364	248	func_8013A364	medium	1	u32	1	4	24	s0|ra	orphan
0x8013A45C	52	func_8013A45C	medium	1	u32	2	1	24	ra	orphan
0x8013A5DC	252	func_8013A5DC	medium	1	u32	0	2	32	s0|s1|ra	orphan
0x8013A6D8	124	func_8013A6D8	medium	1	u32	0	3	24	s0|ra	orphan
0x8013A754	72	func_8013A754	medium	1	u32	0	2	24	ra	orphan
0x8013A79C	56	func_8013A79C	medium	1	u32	2	1	24	ra	orphan
0x8013A7D4	108	func_8013A7D4	medium	1	u32	1	1	24	s0|ra	orphan|indirect
0x8013A8A8	140	func_8013A8A8	medium	1	u32	0	3	24	s0|ra	orphan
0x8013AA8C	372	func_8013AA8C	high	1	u32	0	5	32	s0|s1|ra	addr_taken
0x8013AC00	84	func_8013AC00	verified	1	u32	1	1	24	ra	addr_taken
0x8013AC54	68	func_8013AC54	high	1	u32	0	1	24	ra	addr_taken
0x8013AD58	196	func_8013AD58	medium	1	u32	0	2	24	s0|ra	orphan
0x8013AE74	188	func_8013AE74	medium	1	u32	0	4	24	s0|ra	orphan
0x8013B0B4	220	func_8013B0B4	medium	1	u32	0	5	24	s0|ra	orphan
0x8013B248	396	func_8013B248	medium	1	u32	0	10	32	s0|s1|ra	orphan
0x8013B690	204	func_8013B690	medium	1	u32	1	2	24	s0|ra	orphan
0x8013B75C	128	func_8013B75C	medium	1	u32	1	3	24	s0|ra	orphan
0x8013BD74	228	func_8013BD74	medium	1	u32	1	2	32	s0|s1|ra	orphan
0x8013BE58	80	func_8013BE58	low	1	u32	1	0	0		leaf|orphan
0x8013BF6C	360	func_8013BF6C	medium	1	u32	0	2	24	s0|ra	orphan
0x8013C0D4	288	func_8013C0D4	medium	1	u32	1	1	24	s0|ra	orphan
0x8013C3EC	108	func_8013C3EC	high	1	u32	0	1	24	s0|ra	addr_taken|indirect
0x8013C494	32	func_8013C494	medium	0	void	0	1	24	ra	orphan
0x8013CB80	172	func_8013CB80	verified	1	u32	1	1	24	ra	addr_taken|indirect
0x8013E0A8	60	func_8013E0A8	verified	2	u32	21	1	24	ra	
0x8013E16C	60	func_8013E16C	medium	2	u32	1	1	24	ra	orphan
0x8013E1A8	60	func_8013E1A8	verified	2	u32	10	1	24	ra	
0x8013E1E4	296	func_8013E1E4	verified	4	u32	3	1	32	s0|s1|ra	
0x8013E30C	152	func_8013E30C	verified	1	u32	14	1	24	ra	
0x8013E3A4	312	func_8013E3A4	verified	4	u32	1	1	32	s0|s1|ra	
0x8013E4DC	48	func_8013E4DC	medium	1	u32	2	1	24	ra	orphan
0x8013E50C	40	func_8013E50C	medium	3	void	0	1	24	ra	orphan
0x8013E534	184	func_8013E534	medium	3	u32	1	1	24	ra	orphan
0x8013E5EC	296	func_8013E5EC	medium	4	u32	2	1	24	s0|ra	orphan
0x8013E738	112	func_8013E738	medium	1	u32	0	1	24	ra	orphan
0x8013E7A8	316	func_8013E7A8	medium	4	u32	1	1	24	s0|ra	orphan
0x8013E8E4	36	func_8013E8E4	low	1	u32	1	0	0		leaf|orphan
0x8013E908	100	func_8013E908	medium	1	u32	2	2	24	s0|ra	orphan
0x8013E96C	72	func_8013E96C	low	1	u32	1	0	0		leaf|orphan
0x8013E9B4	108	func_8013E9B4	medium	1	u32	1	1	24	s0|ra	orphan
0x8013EA20	68	func_8013EA20	low	1	u32	3	0	0		leaf|orphan
0x8013EA64	144	func_8013EA64	medium	1	u32	3	2	32	s0|s1|ra	orphan
0x8013EAF4	144	func_8013EAF4	medium	1	u32	0	3	24	s0|ra	orphan|indirect
0x8013EB84	92	func_8013EB84	low	1	u32	3	0	0		leaf|orphan
0x8013EBE0	268	func_8013EBE0	low	1	u32	1	0	0		leaf|orphan
0x8013ECEC	12	func_8013ECEC	low	1	u32	1	0	0		leaf|orphan
0x8013ECF8	24	func_8013ECF8	low	1	u32	3	0	0		leaf|orphan
0x8013ED10	188	func_8013ED10	low	1	u32	3	4	0	s0|ra	orphan
0x8013EDCC	12	func_8013EDCC	low	1	u32	4	0	0		leaf|orphan
0x8013EDD8	56	func_8013EDD8	medium	1	u32	1	1	24	ra	orphan
0x8013EE10	20	func_8013EE10	low	1	u32	0	0	0		leaf|orphan
0x8013EE24	60	func_8013EE24	medium	1	u32	0	1	24	ra	orphan
0x8013EE60	272	func_8013EE60	medium	1	u32	3	1	24	ra	orphan
0x8013EF70	424	func_8013EF70	medium	1	u32	1	1	32	s0|s1|s2|ra	orphan
0x8013F118	304	func_8013F118	low	2	u32	1	0	0		leaf|orphan
0x8013F248	220	func_8013F248	medium	1	u32	3	1	24	ra	orphan
0x8013F324	392	func_8013F324	medium	1	u32	4	4	24	s0|ra	orphan
0x8013F4AC	116	func_8013F4AC	low	1	u32	1	0	0		leaf|orphan
0x8013F520	268	func_8013F520	high	1	u32	1	2	0	s0|s1|s2|ra	
0x8013F62C	220	func_8013F62C	high	3	u32	1	0	0		leaf
0x8013F708	288	func_8013F708	low	1	u32	0	1	0	s0|s1|s2|s3|s4|ra	orphan
0x8013F828	32	func_8013F828	medium	1	void	1	1	24	ra	orphan
0x8013F848	32	func_8013F848	medium	0	void	0	1	24	ra	orphan
0x8013F868	32	func_8013F868	medium	0	void	0	1	24	ra	orphan
0x8013F888	240	func_8013F888	low	2	u32	2	0	0		leaf|orphan
0x8013F978	188	func_8013F978	verified	1	u32	1	3	32	s0|s1|ra	
0x8013FA34	164	func_8013FA34	medium	0	u32	10	0	32	s0|ra	orphan|indirect
0x8013FBC8	256	func_8013FBC8	medium	1	u32	4	3	32	s0|s1|ra	orphan
0x8013FCC8	176	func_8013FCC8	low	1	u32	2	1	0	ra	orphan
0x8013FD78	116	func_8013FD78	low	1	u32	1	0	0		leaf|orphan
0x8013FDEC	148	func_8013FDEC	medium	1	u32	0	1	32	s0|s1|s2|ra	orphan
0x8013FE80	148	func_8013FE80	medium	1	u32	1	1	32	s0|s1|s2|ra	orphan
0x8013FF14	92	func_8013FF14	medium	1	u32	0	3	24	s0|ra	orphan
0x8013FF70	52	func_8013FF70	medium	1	void	1	2	24	s0|ra	orphan
0x8013FFA4	52	func_8013FFA4	medium	1	void	1	2	24	s0|ra	orphan
0x8013FFD8	48	func_8013FFD8	medium	1	u32	1	0	24	ra	orphan|indirect
0x80140008	148	func_80140008	verified	1	u32	1	2	24	s0|ra	indirect
0x8014009C	12	func_8014009C	low	1	u32	3	0	0		leaf|orphan
0x801400A8	136	func_801400A8	medium	1	u32	3	4	32	s0|s1|ra	orphan
0x80140130	84	func_80140130	medium	1	u32	1	1	32	s0|ra	orphan
0x80140184	140	func_80140184	low	2	u32	2	0	0		leaf|orphan
0x80140210	436	func_80140210	medium	1	u32	3	1	32	s0|s1|s2|ra	orphan
0x801403C4	32	func_801403C4	low	2	u32	1	0	0		leaf|orphan
0x801403E4	36	func_801403E4	low	1	u32	4	0	0		leaf|orphan
0x80140408	608	func_80140408	medium	1	u32	2	1	24	s0|ra	orphan
0x80140668	592	func_80140668	medium	1	u32	2	5	32	s0|s1|ra	orphan
0x801408B8	172	func_801408B8	medium	1	u32	1	1	32	s0|s1|s2|ra	orphan
0x80140964	284	func_80140964	verified	2	u32	2	1	32	s0|s1|ra	
0x80140A80	204	func_80140A80	medium	1	u32	1	2	24	s0|ra	orphan
0x80140B4C	236	func_80140B4C	medium	1	u32	1	2	24	ra	orphan
0x80140C38	208	func_80140C38	low	1	u32	0	0	0		leaf|orphan
0x80140D08	88	func_80140D08	medium	1	u32	0	2	24	s0|ra	orphan
0x80140D60	44	func_80140D60	medium	1	u32	0	1	24	ra	orphan
0x80140D8C	212	func_80140D8C	low	1	u32	1	1	0	ra	orphan
0x80140FAC	108	func_80140FAC	medium	1	u32	2	0	24	ra	orphan|indirect
0x80141018	268	func_80141018	low	1	u32	1	0	0		leaf|orphan
0x80141124	468	func_80141124	high	1	u32	3	0	0		leaf
0x801412F8	40	func_801412F8	low	1	u32	0	0	0		leaf|orphan
0x80141320	76	func_80141320	medium	1	u32	1	2	24	ra	orphan
0x8014136C	48	func_8014136C	medium	1	void	4	2	24	s0|ra	orphan
0x8014139C	100	func_8014139C	medium	2	u32	2	3	24	s0|ra	orphan
0x80141400	112	func_80141400	medium	1	u32	2	4	24	s0|ra	orphan
0x80141470	440	func_80141470	low	1	u32	2	0	0		leaf|orphan
0x80141628	160	func_80141628	low	1	u32	0	0	0		leaf|orphan
0x801417C8	396	func_801417C8	low	1	u32	1	0	0		leaf|orphan
0x80141954	32	func_80141954	low	1	u32	1	0	0		leaf|orphan
0x80141974	12	func_80141974	low	1	u32	1	0	0		leaf|orphan
0x80141980	12	func_80141980	low	1	u32	1	0	0		leaf|orphan
0x8014198C	244	func_8014198C	low	1	u32	1	0	0		leaf|orphan
0x80141A80	44	func_80141A80	low	1	u32	1	0	0		leaf|orphan
0x80141AAC	44	func_80141AAC	low	1	u32	1	0	0		leaf|orphan
0x80141AD8	132	func_80141AD8	low	2	u32	2	0	0		leaf|orphan
0x80141B5C	80	func_80141B5C	medium	3	u32	1	0	24	ra	orphan|indirect
0x80141D54	240	func_80141D54	medium	3	u32	0	3	24	ra	orphan
0x80141E44	148	func_80141E44	medium	2	u32	1	2	32	s0|s1|ra	orphan
0x80141ED8	136	func_80141ED8	medium	2	u32	1	2	32	s0|s1|ra	orphan
0x80141F60	132	func_80141F60	medium	2	u32	0	2	32	s0|s1|ra	orphan
0x80141FE4	16	func_80141FE4	low	1	u32	5	0	0		leaf|orphan
0x80141FF4	12	func_80141FF4	low	1	u32	9	0	0		leaf|orphan
0x80142000	12	func_80142000	low	1	u32	4	0	0		leaf|orphan
0x801424C0	128	func_801424C0	medium	2	u32	0	3	24	ra	orphan
0x801429DC	160	func_801429DC	medium	3	u32	0	2	24	ra	orphan
0x80142B74	180	func_80142B74	medium	3	u32	0	3	24	ra	orphan
0x80142C28	232	func_80142C28	medium	3	u32	1	3	24	ra	orphan
0x80142E90	140	func_80142E90	low	2	u32	0	0	0		leaf|orphan
0x8014301C	4	func_8014301C	low	0	void	0	0	0		leaf|orphan
0x80143020	4	func_80143020	medium	0	void	0	0	24		leaf|orphan
0x80143024	4	func_80143024	low	1	u32	0	0	0		leaf|orphan
0x80143028	4	func_80143028	low	2	void	0	0	0		leaf|orphan
0x8014302C	4	func_8014302C	low	0	void	0	0	0	ra	leaf|orphan
0x80143030	112	func_80143030	low	3	u32	0	3	0		orphan
0x801430A0	44	func_801430A0	medium	2	u32	0	1	24	ra	orphan
0x80143160	160	func_80143160	medium	3	u32	0	1	40	s0|s1|s2|ra	orphan
0x80143200	120	func_80143200	low	4	u32	1	0	0		leaf|orphan
0x80143278	8	func_80143278	low	0	u32	0	0	0		leaf|orphan
0x80143280	8	func_80143280	low	0	u32	0	0	0		leaf|orphan
0x80143288	32	func_80143288	low	1	u32	0	0	0		leaf|orphan
0x801432A8	32	func_801432A8	low	1	u32	0	0	0		leaf|orphan
0x80143448	296	func_80143448	medium	2	u32	1	2	32	s0|s1|s2|ra	orphan
0x80143684	236	func_80143684	low	3	u32	0	2	0	s0|s1|s2|ra	orphan
0x80143770	148	func_80143770	medium	3	u32	3	3	32	s0|s1|ra	orphan
0x80143804	168	func_80143804	medium	2	u32	1	1	32	s0|s1|s2|ra	orphan
0x80143A74	260	func_80143A74	medium	3	u32	0	2	24	ra	orphan
0x80143B78	144	func_80143B78	medium	3	u32	1	2	32	s0|s1|s2|ra	orphan
0x80143F80	92	func_80143F80	high	1	u32	2	0	0		leaf
0x80143FDC	92	func_80143FDC	low	1	u32	1	0	0		leaf|orphan
0x80144038	324	func_80144038	low	1	u32	1	0	0		leaf|orphan
0x801441BC	392	func_801441BC	medium	3	u32	0	8	40	s0|s1|s2|s3|s4|ra	orphan
0x8014457C	344	func_8014457C	low	1	u32	0	7	0	s0|s1|ra	orphan
0x801446D4	136	func_801446D4	low	1	u32	1	0	0		leaf|orphan
0x8014475C	136	func_8014475C	low	3	u32	1	0	0		leaf|orphan
0x801447E4	64	func_801447E4	low	4	u32	1	0	0		leaf|orphan
0x80144824	316	func_80144824	low	1	u32	0	2	0	s0|s1|s2|ra	orphan
0x80144960	124	func_80144960	medium	1	u32	0	2	32	s0|s1|ra	orphan
0x801449DC	76	func_801449DC	medium	2	u32	1	2	24	s0|ra	orphan
0x80144A28	168	func_80144A28	medium	3	u32	1	2	32	s0|s1|ra	orphan
0x80144AD0	328	func_80144AD0	low	2	u32	1	0	0		leaf|orphan
0x80144DFC	152	func_80144DFC	medium	1	u32	2	1	24	ra	orphan
0x801451AC	420	func_801451AC	verified	2	u32	3	2	24	s0|ra	
0x80145350	112	func_80145350	verified	2	u32	1	1	24	ra	
0x8014541C	192	func_8014541C	low	1	u32	0	0	0		leaf|orphan
0x801454DC	188	func_801454DC	medium	1	u32	1	1	32	s0|s1|s2|ra	orphan
0x80145598	388	func_80145598	medium	4	u32	1	1	48	s0|s1|s2|s3|s4|s5|ra	orphan
0x8014571C	28	func_8014571C	low	2	u32	1	0	0		leaf|orphan
0x80145738	188	func_80145738	medium	1	u32	0	1	24	ra	orphan
0x801457F4	228	func_801457F4	medium	1	u32	1	1	32	s0|s1|ra	orphan
0x801458D8	332	func_801458D8	low	3	u32	1	0	0		leaf|orphan
0x80145A60	100	func_80145A60	verified	1	u32	4	1	24	ra	
0x80145B28	152	func_80145B28	medium	2	u32	0	1	24	ra	orphan
0x80145DB8	144	func_80145DB8	medium	1	u32	0	1	24	ra	orphan
0x80145F24	232	func_80145F24	medium	0	u32	1	1	32	ra	orphan
0x8014600C	20	func_8014600C	low	2	u32	2	0	0		leaf|orphan
0x80146020	196	func_80146020	medium	0	u32	0	2	24	ra	orphan
0x801460E4	516	func_801460E4	medium	3	u32	1	1	56	s0|s1|s2|s3|s4|ra	orphan
0x80146360	84	func_80146360	medium	1	u32	1	1	24	s0|ra	orphan
0x80146408	60	func_80146408	low	1	u32	7	0	0		leaf|orphan
0x80146B44	84	func_80146B44	medium	2	u32	0	1	24	ra	orphan
0x80146C74	104	func_80146C74	low	1	u32	0	0	0		leaf|orphan
0x80146CDC	212	func_80146CDC	medium	3	u32	6	1	24	ra	orphan
0x80146DB0	120	func_80146DB0	medium	1	u32	1	0	24	s0|ra	orphan|indirect
0x80148330	104	func_80148330	medium	3	u32	0	1	64	ra	orphan
0x80148398	228	func_80148398	medium	3	u32	0	1	64	ra	orphan
0x80148484	156	func_80148484	medium	1	u32	0	1	24	s0|ra	orphan
0x80148520	144	func_80148520	medium	1	u32	0	0	24	ra	orphan|indirect
0x80148650	96	func_80148650	medium	1	u32	1	0	24	ra	orphan|indirect
0x80148914	116	func_80148914	medium	2	u32	0	1	24	ra	orphan
0x80148988	56	func_80148988	low	2	u32	1	0	0		leaf|orphan
0x801489C0	216	func_801489C0	medium	2	u32	1	1	24	ra	orphan
0x80148A98	152	func_80148A98	medium	1	u32	0	1	24	ra	orphan
0x80148B4C	164	func_80148B4C	low	1	u32	0	0	0		leaf|orphan
0x80148BF0	120	func_80148BF0	medium	1	u32	0	3	24	s0|ra	orphan
0x80148C68	80	func_80148C68	medium	2	u32	7	1	32	s0|s1|ra	orphan
0x80148CC0	116	func_80148CC0	low	1	u32	2	0	0	ra	orphan|indirect
0x80148EC4	196	func_80148EC4	medium	1	u32	0	2	24	s0|ra	orphan
0x80148F88	128	func_80148F88	medium	1	u32	1	0	32	s0|s1|s2|ra	orphan|indirect
0x80149514	96	func_80149514	medium	2	u32	0	3	32	s0|s1|ra	orphan
0x801497B0	56	func_801497B0	low	2	u32	1	0	0		leaf|orphan
0x8014B154	100	func_8014B154	low	3	u32	0	0	0		leaf|orphan
0x8014B1B8	172	func_8014B1B8	medium	2	u32	0	1	24	ra	orphan
0x8014B358	68	func_8014B358	medium	2	u32	1	2	24	s0|ra	orphan
0x8014B39C	88	func_8014B39C	medium	2	void	0	3	32	s0|s1|ra	orphan
0x8014B63C	84	func_8014B63C	low	2	u32	4	1	0	ra	orphan
0x8014B690	60	func_8014B690	verified	1	u32	4	0	24	ra	indirect
0x8014B6CC	92	func_8014B6CC	high	1	u32	0	2	24	s0|ra	addr_taken
0x8014B728	180	func_8014B728	high	1	u32	0	2	24	s0|ra	addr_taken
0x8014B834	60	func_8014B834	medium	1	u32	0	0	24	ra	orphan|indirect
0x8014B870	32	func_8014B870	high	0	void	0	1	24	ra	addr_taken
0x8014B890	116	func_8014B890	high	1	u32	0	2	24	s0|ra	addr_taken
0x8014B950	60	func_8014B950	medium	1	u32	0	0	24	ra	orphan|indirect
0x8014C5F0	16	func_8014C5F0	high	1	void	1	0	0		leaf
0x8014C600	68	func_8014C600	high	1	u32	3	0	0		leaf
0x8014C644	176	func_8014C644	verified	1	u32	2	1	32	s0|s1|s2|ra	
0x8014C6F4	192	func_8014C6F4	medium	1	u32	0	1	40	s0|s1|s2|s3|ra	orphan
0x8014C7B4	68	func_8014C7B4	low	1	u32	0	0	0		leaf|orphan
0x8014C7F8	120	func_8014C7F8	medium	1	u32	1	1	24	s0|ra	orphan
0x8014C870	48	func_8014C870	medium	1	u32	0	0	24	ra	orphan|indirect
0x8014C8A0	232	func_8014C8A0	medium	2	u32	1	1	24	ra	orphan
0x8014C988	52	func_8014C988	low	2	u32	1	0	0		leaf|orphan
0x8014C9BC	200	func_8014C9BC	medium	1	u32	0	1	24	ra	orphan
0x8014CA84	52	func_8014CA84	medium	1	u32	0	1	24	ra	orphan
0x8014CAB8	364	func_8014CAB8	medium	1	u32	1	3	32	s0|s1|ra	orphan
0x8014CC24	148	func_8014CC24	medium	1	u32	1	1	24	s0|ra	orphan
0x8014CCB8	68	func_8014CCB8	low	1	u32	3	0	0		leaf|orphan
0x8014CCFC	104	func_8014CCFC	medium	1	u32	1	1	24	s0|ra	orphan
0x8014CD64	52	func_8014CD64	medium	1	u32	1	1	24	ra	orphan
0x8014CD98	56	func_8014CD98	medium	1	u32	0	1	24	ra	orphan
0x8014CDD0	124	func_8014CDD0	low	1	u32	1	0	0		leaf|orphan
0x8014CE4C	240	func_8014CE4C	medium	1	u32	1	2	32	s0|s1|ra	orphan
0x8014CF3C	116	func_8014CF3C	low	1	u32	0	0	0		leaf|orphan
0x8014CFB0	180	func_8014CFB0	low	1	u32	0	0	0		leaf|orphan
0x8014D064	204	func_8014D064	low	1	u32	1	0	0		leaf|orphan
0x8014D4E0	104	func_8014D4E0	medium	2	u32	0	2	24	s0|ra	orphan
0x8014D548	116	func_8014D548	low	1	u32	2	0	0		leaf|orphan
0x8014D5BC	180	func_8014D5BC	medium	1	u32	0	1	24	s0|ra	orphan
0x8014D670	68	func_8014D670	low	1	u32	0	0	0		leaf|orphan
0x8014D6B4	64	func_8014D6B4	medium	1	u32	0	0	24	ra	orphan|indirect
0x8014D6F4	120	func_8014D6F4	verified	0	u32	1	3	32	s0|s1|ra	
0x8014D76C	120	func_8014D76C	medium	0	u32	0	1	24	s0|ra	orphan
0x8014D7E4	324	func_8014D7E4	medium	3	u32	1	3	40	s0|s1|s2|s3|s4|ra	orphan
0x8014D928	188	func_8014D928	medium	4	u32	2	1	32	s0|s1|ra	orphan
0x8014D9E4	40	func_8014D9E4	verified	0	void	1	1	24	ra	
0x8014DA0C	228	func_8014DA0C	high	1	u32	1	0	0		leaf
0x8014DB2C	208	func_8014DB2C	medium	0	u32	0	3	40	s0|s1|s2|s3|ra	orphan|indirect
0x8014DBFC	200	func_8014DBFC	medium	0	u32	1	2	40	s0|s1|s2|s3|ra	orphan|indirect
0x8014DCC4	92	func_8014DCC4	low	1	u32	2	0	0		leaf|orphan
0x8014DD20	116	func_8014DD20	low	1	u32	2	0	0		leaf|orphan
0x8014DF40	100	func_8014DF40	medium	2	u32	0	2	32	s0|s1|ra	orphan
0x8014DFA4	124	func_8014DFA4	low	1	u32	0	0	0		leaf|orphan
0x8014E020	140	func_8014E020	medium	1	u32	0	1	24	ra	orphan
0x8014E0AC	172	func_8014E0AC	medium	0	u32	0	0	40	s0|s1|s2|s3|ra	orphan|indirect
0x8014E268	68	func_8014E268	low	1	u32	1	0	0		leaf|orphan
0x8014E2AC	40	func_8014E2AC	low	1	u32	1	0	0		leaf|orphan
0x8014E2D4	84	func_8014E2D4	low	2	u32	1	0	0		leaf|orphan
0x8014E328	212	func_8014E328	medium	0	u32	0	1	32	s0|s1|ra	orphan
0x8014E5B8	104	func_8014E5B8	low	3	u32	1	0	0		leaf|orphan
0x8014E78C	432	func_8014E78C	medium	3	u32	0	2	56	s0|s1|s2|s3|s4|s5|s6|s7|fp|ra	orphan
0x8014F410	72	func_8014F410	medium	1	u32	0	1	24	ra	orphan
0x8014F458	136	func_8014F458	medium	1	u32	0	1	32	s0|s1|ra	orphan
0x8014F4E0	152	func_8014F4E0	low	2	u32	0	0	0		leaf|orphan
0x8014F578	60	func_8014F578	high	1	u32	0	0	24	ra	addr_taken|indirect
0x8014F700	76	func_8014F700	high	1	u32	0	1	24	ra	addr_taken
0x8014F74C	68	func_8014F74C	medium	1	u32	0	1	24	ra	orphan
0x8014F7C0	372	func_8014F7C0	medium	3	u32	1	2	40	s0|s1|s2|s3|s4|ra	orphan
0x8014F934	148	func_8014F934	medium	3	u32	0	1	40	s0|s1|s2|s3|ra	orphan
0x8014F9C8	56	func_8014F9C8	verified	2	u32	6	1	24	ra	
0x8014FA00	160	func_8014FA00	medium	4	void	0	2	48	s0|s1|s2|s3|s4|s5|s6|ra	orphan
0x8014FAA0	168	func_8014FAA0	medium	2	u32	0	1	24	ra	orphan
0x8014FD40	40	func_8014FD40	medium	0	void	1	1	24	ra	orphan
0x8014FD68	40	func_8014FD68	medium	0	void	1	1	24	ra	orphan
0x801500B8	84	func_801500B8	medium	1	u32	0	1	32	s0|s1|ra	orphan
0x8015010C	68	func_8015010C	medium	3	u32	1	1	24	ra	orphan
0x80150150	148	func_80150150	medium	4	u32	0	1	32	s0|s1|s2|ra	orphan
0x80150284	216	func_80150284	medium	4	u32	2	2	40	s0|s1|s2|s3|ra	orphan
0x8015035C	188	func_8015035C	medium	2	u32	1	1	32	s0|s1|ra	orphan
0x80150418	36	func_80150418	medium	0	u32	1	1	24	ra	orphan
0x8015043C	36	func_8015043C	medium	2	u32	1	1	24	ra	orphan
0x80150460	280	func_80150460	medium	1	u32	2	2	32	s0|s1|ra	orphan|indirect
0x8015096C	184	func_8015096C	medium	1	u32	0	2	32	s0|s1|s2|ra	orphan
0x80150A24	80	func_80150A24	medium	1	u32	0	0	24	ra	orphan|indirect
0x80150AD4	140	func_80150AD4	medium	3	u32	0	1	32	s0|s1|ra	orphan
0x80150BA0	76	func_80150BA0	medium	2	u32	0	1	24	s0|ra	orphan
0x80150C64	256	func_80150C64	medium	1	u32	2	1	40	s0|s1|ra	orphan
0x80150D64	176	func_80150D64	medium	1	u32	0	2	32	ra	orphan
0x80150E94	80	func_80150E94	medium	1	u32	0	1	24	ra	orphan
0x80150EE4	20	func_80150EE4	low	1	u32	0	0	0		leaf|orphan
0x801510E4	108	func_801510E4	medium	1	u32	0	1	24	ra	orphan
0x8015149C	292	func_8015149C	medium	1	u32	0	2	32	s0|s1|ra	orphan
0x801515C0	68	func_801515C0	medium	1	u32	0	2	24	s0|ra	orphan
0x80151644	96	func_80151644	medium	1	u32	0	2	32	s0|s1|ra	orphan
0x801516C4	92	func_801516C4	low	1	u32	0	0	0		leaf|orphan
0x80151720	180	func_80151720	low	1	u32	1	0	0		leaf|orphan
0x801517D4	148	func_801517D4	low	1	u32	0	0	0		leaf|orphan
0x80151DA4	84	func_80151DA4	medium	1	u32	0	1	24	ra	orphan
0x80151EEC	144	func_80151EEC	low	2	u32	0	0	0		leaf|orphan
0x80151F7C	244	func_80151F7C	medium	1	u32	0	4	40	s0|s1|s2|s3|ra	orphan
0x80152070	80	func_80152070	low	1	u32	0	1	0	s0|ra	orphan
0x801520C0	84	func_801520C0	medium	1	u32	1	1	24	s0|ra	orphan
0x8015219C	88	func_8015219C	high	1	u32	0	3	24	ra	addr_taken
0x801521F4	192	func_801521F4	verified	1	u32	1	6	24	s0|ra	
0x801522B4	156	func_801522B4	verified	1	u32	1	5	24	s0|ra	
0x80152350	212	func_80152350	high	1	u32	1	5	0	s0|ra	
0x80152424	36	func_80152424	high	1	u32	2	0	0		leaf
0x80152448	156	func_80152448	high	1	u32	2	0	0		leaf
0x801524E4	124	func_801524E4	high	1	u32	1	0	0		leaf
0x80152560	100	func_80152560	verified	2	u32	2	2	32	s0|s1|ra	
0x801525C4	176	func_801525C4	medium	2	u32	3	1	40	s0|s1|s2|s3|ra	orphan
0x80152674	32	func_80152674	medium	0	void	0	1	24	ra	orphan
0x80152694	32	func_80152694	medium	0	void	0	1	24	ra	orphan
0x801526B4	32	func_801526B4	medium	0	void	0	1	24	ra	orphan
0x80152890	40	func_80152890	verified	0	void	4	1	24	ra	
0x801528E0	256	func_801528E0	verified	4	u32	1	2	40	s0|s1|s2|s3|ra	
0x80152D38	168	func_80152D38	medium	1	u32	1	1	24	s0|ra	orphan
0x80153014	224	func_80153014	medium	0	u32	0	0	40	s0|s1|s2|s3|s4|ra	orphan|indirect
0x801530F4	172	func_801530F4	medium	0	u32	0	0	40	s0|s1|s2|s3|ra	orphan|indirect
0x80153DD4	84	func_80153DD4	low	1	u32	0	1	0	ra	orphan
0x80153F6C	152	func_80153F6C	medium	0	u32	0	2	24	s0|ra	orphan
0x80154004	168	func_80154004	medium	0	u32	0	2	32	s0|s1|ra	orphan
0x801540AC	196	func_801540AC	medium	0	u32	0	2	32	s0|s1|ra	orphan
0x80154170	164	func_80154170	medium	0	u32	0	2	32	s0|s1|ra	orphan
0x80154214	84	func_80154214	medium	3	u32	4	1	32	s0|s1|ra	orphan
0x80154268	52	func_80154268	low	4	u32	0	0	0		leaf|orphan
0x8015429C	204	func_8015429C	medium	1	u32	0	1	24	ra	orphan
0x801555A4	200	func_801555A4	low	1	u32	0	0	0		leaf|orphan
0x801557EC	52	func_801557EC	medium	2	void	0	2	24	s0|ra	orphan
0x80155820	128	func_80155820	low	2	u32	1	0	0		leaf|orphan
0x801558A0	60	func_801558A0	low	0	u32	0	0	0		leaf|orphan
0x80155E98	136	func_80155E98	medium	0	u32	0	1	24	s0|ra	orphan
0x801569FC	184	func_801569FC	low	3	u32	0	0	0		leaf|orphan
0x80156AB4	204	func_80156AB4	low	2	u32	0	0	0		leaf|orphan
0x80156B80	268	func_80156B80	medium	1	u32	0	2	24	s0|ra	orphan
0x80156C8C	464	func_80156C8C	medium	1	u32	0	1	32	s0|s1|s2|ra	orphan
0x80156F60	404	func_80156F60	medium	1	u32	0	3	32	s0|ra	orphan
0x80157204	296	func_80157204	medium	1	u32	0	3	24	s0|ra	orphan
0x8015732C	28	func_8015732C	low	2	u32	2	0	0		leaf|orphan
0x80157348	184	func_80157348	medium	1	u32	2	1	48	s0|s1|s2|s3|ra	orphan
0x80157400	184	func_80157400	medium	2	u32	1	1	48	s0|s1|s2|s3|ra	orphan
0x801574B8	400	func_801574B8	medium	0	u32	0	0	40	s0|s1|s2|s3|s4|ra	orphan|indirect
0x80157648	156	func_80157648	medium	0	u32	0	0	32	s0|s1|s2|ra	orphan|indirect
0x801579F8	528	func_801579F8	medium	2	u32	0	2	40	s0|s1|s2|ra	orphan
0x80157C3C	80	func_80157C3C	low	2	u32	0	0	0		leaf|orphan
0x80157C8C	152	func_80157C8C	low	2	u32	0	0	0		leaf|orphan
0x80158654	204	func_80158654	low	2	u32	0	0	0		leaf|orphan
0x80158720	292	func_80158720	low	1	u32	0	0	0		leaf|orphan
0x80158844	112	func_80158844	low	1	u32	0	0	0		leaf|orphan
0x80158EF8	176	func_80158EF8	low	1	u32	0	0	0		leaf|orphan
0x80158FA8	312	func_80158FA8	low	1	u32	0	0	0		leaf|orphan
0x801590E0	92	func_801590E0	low	0	u32	0	0	0		leaf|orphan
0x801591E4	188	func_801591E4	medium	0	u32	0	2	24	ra	orphan
0x801592A0	348	func_801592A0	medium	0	u32	1	1	32	s0|s1|s2|ra	orphan
0x801593FC	132	func_801593FC	low	0	u32	1	0	0		leaf|orphan
0x80159480	188	func_80159480	medium	0	u32	0	5	24	ra	orphan
0x8015953C	28	func_8015953C	low	0	u32	1	0	0		leaf|orphan
0x80159558	120	func_80159558	medium	0	u32	0	1	24	s0|ra	orphan
0x801595D0	108	func_801595D0	medium	0	u32	1	1	24	ra	orphan
0x8015963C	276	func_8015963C	low	0	u32	0	0	0		leaf|orphan
0x80159750	72	func_80159750	medium	0	void	1	1	24	ra	orphan
0x80159798	128	func_80159798	low	1	u32	1	0	0		leaf|orphan
0x80159818	44	func_80159818	low	1	u32	4	1	0	ra	orphan
0x80159844	48	func_80159844	low	0	u32	2	0	0		leaf|orphan
0x80159A28	64	func_80159A28	medium	1	u32	1	1	24	ra	orphan
0x80159B04	64	func_80159B04	medium	1	u32	0	1	24	ra	orphan
0x80159BC8	64	func_80159BC8	medium	1	u32	1	1	24	ra	orphan
0x80159C08	48	func_80159C08	medium	0	void	1	1	24	ra	orphan
0x80159C38	140	func_80159C38	low	1	u32	1	0	0		leaf|orphan
0x80159CC4	440	func_80159CC4	medium	0	u32	1	1	24	s0|ra	orphan
0x80159E7C	200	func_80159E7C	medium	0	u32	0	0	48	s0|s1|s2|s3|s4|s5|ra	orphan|indirect
0x80159F44	248	func_80159F44	medium	2	u32	6	1	32	s0|s1|s2|ra	orphan
0x8015A03C	32	func_8015A03C	high	1	u32	2	0	0		leaf
0x8015A05C	40	func_8015A05C	low	0	u32	4	0	0		leaf|orphan
0x8015AC30	60	func_8015AC30	medium	1	u32	0	0	24	ra	orphan|indirect
0x8015AD80	200	func_8015AD80	low	1	u32	0	0	0		leaf|orphan
0x8015B2AC	60	func_8015B2AC	low	2	u32	0	0	0		leaf|orphan
0x8015B84C	156	func_8015B84C	medium	3	u32	0	1	32	s0|s1|s2|ra	orphan
0x8015BAD8	356	func_8015BAD8	medium	1	u32	0	1	48	s0|s1|s2|s3|s4|s5|ra	orphan
0x8015C53C	60	func_8015C53C	medium	1	u32	1	0	24	ra	orphan|indirect
0x8015CF74	44	func_8015CF74	high	1	u32	0	1	24	ra	addr_taken
0x8015CFA0	32	func_8015CFA0	verified	0	void	1	1	24	ra	addr_taken
0x8015CFC0	132	func_8015CFC0	low	1	u32	0	0	0		leaf|orphan
0x8015D044	64	func_8015D044	low	2	u32	1	0	0		leaf|orphan
0x8015D140	184	func_8015D140	low	1	u32	0	0	0		leaf|orphan
0x8015D584	56	func_8015D584	low	1	u32	0	0	0		leaf|orphan
0x8015D610	56	func_8015D610	medium	0	void	0	4	24	ra	orphan
0x8015D648	48	func_8015D648	medium	0	void	1	3	24	ra	orphan
0x8015D678	64	func_8015D678	medium	0	u32	1	0	24	ra	orphan|indirect
0x8015D728	56	func_8015D728	medium	0	u32	1	1	32	ra	orphan
0x8015D760	56	func_8015D760	medium	0	u32	1	1	32	ra	orphan
0x8015D878	56	func_8015D878	medium	0	u32	1	1	32	ra	orphan
0x8015D8B0	56	func_8015D8B0	medium	0	u32	1	1	32	ra	orphan
0x8015D8E8	56	func_8015D8E8	medium	0	u32	1	1	32	ra	orphan
0x8015D968	68	func_8015D968	medium	0	u32	0	5	24	ra	orphan
0x8015D9AC	12	func_8015D9AC	low	0	u32	1	0	0		leaf|orphan
0x8015D9B8	16	func_8015D9B8	low	0	u32	1	0	0		leaf|orphan
0x8015D9C8	16	func_8015D9C8	low	0	u32	1	0	0		leaf|orphan
0x8015D9D8	16	func_8015D9D8	low	0	u32	1	0	0		leaf|orphan
0x8015D9E8	16	func_8015D9E8	low	0	u32	1	0	0		leaf|orphan
0x8015D9F8	48	func_8015D9F8	medium	0	void	0	3	24	ra	orphan
0x8015DA28	40	func_8015DA28	medium	0	void	1	1	24	ra	orphan
0x8015DA50	40	func_8015DA50	medium	0	void	1	1	24	ra	orphan
0x8015DA78	40	func_8015DA78	medium	0	void	1	1	24	ra	orphan
0x8015DAA0	160	func_8015DAA0	medium	2	u32	3	1	64	s0|ra	orphan
0x8015DB40	176	func_8015DB40	verified	0	u32	1	2	32	s0|s1|ra	
0x8015DBF0	180	func_8015DBF0	high	0	u32	1	0	0		leaf
0x8015DCA4	140	func_8015DCA4	high	0	u32	1	0	0		leaf
0x8015DD98	192	func_8015DD98	medium	0	u32	0	0	24	s0|ra	orphan|indirect
0x8015F698	2028	func_8015F698	low	1	u32	0	0	0		leaf|orphan
0x8015FE84	160	func_8015FE84	low	1	u32	0	0	0		leaf|orphan
0x8015FF24	1404	func_8015FF24	low	1	u32	0	0	0		leaf|orphan
0x801604A0	1296	func_801604A0	low	1	u32	0	0	0		leaf|orphan
0x801609B0	328	func_801609B0	low	1	u32	0	1	0	s0|s1|ra	orphan
0x80160AF8	156	func_80160AF8	medium	1	u32	0	0	32	s0|s1|ra	orphan|indirect
0x80161CB0	148	func_80161CB0	medium	0	u32	0	0	8	s0	leaf|orphan
0x80161D44	80	func_80161D44	medium	0	u32	0	0	24	ra	orphan|indirect
0x80162070	404	func_80162070	medium	3	u32	0	1	40	s0|s1|s2|s3|ra	orphan
0x80162204	1048	func_80162204	medium	3	u32	0	2	48	s0|s1|s2|s3|s4|s5|ra	orphan
0x8016261C	116	func_8016261C	low	2	u32	0	0	0		leaf|orphan
0x80162700	504	func_80162700	medium	1	u32	0	1	56	s0|s1|s2|s3|s4|s5|ra	orphan
0x801628F8	12	bios_A0_39_InitHeap	verified	0	void	1	0	0		bios|leaf
0x80162908	12	bios_B0_0E_OpenThread	verified	0	void	2	0	0		bios|leaf
0x80162918	12	bios_B0_0F_CloseThread	verified	0	void	3	0	0		bios|leaf
0x80162928	12	bios_B0_10_ChangeThread	verified	0	void	4	0	0		bios|leaf
0x80162938	16	func_80162938	high	0	void	24	0	0		leaf|syscall
0x80162948	16	func_80162948	high	0	void	21	0	0		leaf|syscall
0x80162958	12	func_80162958	low	1	u32	1	0	0		leaf|orphan
0x80162968	156	func_80162968	high	3	u32	1	0	0		leaf
0x80162AA0	52	func_80162AA0	high	1	u32	2	0	0		leaf
0x80162AD8	48	func_80162AD8	high	2	u32	4	0	0		leaf
0x80162B08	372	func_80162B08	verified	1	u32	1	5	32	s0|s1|ra	indirect
0x80162DEC	152	func_80162DEC	verified	1	u32	1	2	32	s0|s1|ra	indirect
0x80162E84	104	func_80162E84	high	1	u32	5	1	0	s0|ra	indirect
0x80162EEC	284	func_80162EEC	verified	2	u32	3	1	32	s0|ra	
0x80163008	144	func_80163008	verified	4	u32	1	1	40	s0|s1|s2|s3|ra	indirect
0x80163130	96	func_80163130	verified	2	u32	5	1	32	s0|s1|ra	indirect
0x801631F0	184	func_801631F0	medium	3	u32	3	1	32	s0|s1|s2|ra	orphan|indirect
0x801632A8	200	func_801632A8	low	2	u32	1	1	0	s0|s1|ra	orphan
0x80163370	172	func_80163370	high	2	u32	3	1	0	s0|s1|ra	indirect
0x80163478	112	func_80163478	high	1	u32	1	1	0	s0|ra	indirect
0x801634E8	192	func_801634E8	verified	1	u32	1	3	32	s0|s1|s2|ra	indirect
0x801636B4	1272	func_801636B4	verified	1	u32	1	3	32	s0|s1|s2|ra	indirect
0x80163EC8	624	func_80163EC8	verified	2	u32	1	5	40	s0|s1|ra	
0x80164138	32	func_80164138	high	3	u32	1	0	0		leaf
0x80164158	152	func_80164158	high	2	u32	1	0	0		leaf
0x801641F0	152	func_801641F0	high	2	u32	1	0	0		leaf
0x80164288	28	func_80164288	high	2	u32	1	0	0		leaf
0x801642A4	128	func_801642A4	high	1	u32	1	0	0		leaf
0x80164B80	72	func_80164B80	low	1	u32	0	0	0		leaf|orphan
0x80164BC8	48	func_80164BC8	high	1	u32	0	0	0		leaf|addr_taken
0x80164C1C	688	func_80164C1C	medium	4	u32	0	5	40	s0|s1|s2|s3|ra	orphan|indirect
0x80164ECC	608	func_80164ECC	medium	0	u32	1	2	0	s0|s1|ra	addr_taken|orphan|indirect
0x8016512C	336	func_8016512C	verified	1	u32	1	3	24	s0|ra	addr_taken
0x801653B8	52	func_801653B8	medium	0	u32	1	1	24	ra	orphan
0x801653EC	324	func_801653EC	medium	0	u32	1	3	32	ra	orphan
0x80165530	160	func_80165530	high	1	u32	1	0	0		leaf
0x80165A10	36	func_80165A10	high	3	u32	3	0	0		leaf
0x80165A38	12	bios_A0_49_GPU_cw	verified	0	void	1	0	0		bios|leaf
0x80165A48	52	func_80165A48	high	3	u32	2	0	0		leaf
0x80165A88	60	func_80165A88	verified	4	u32	29	1	24	ra	
0x80165AC8	1684	func_80165AC8	verified	3	u32	1	4	120	s0|s1|s2|s3|s4|s5|s6|s7|fp|ra	break
0x801661D8	80	func_801661D8	high	3	u32	1	0	0		leaf
0x80166228	252	func_80166228	verified	1	u32	3	2	24	s0|ra	
0x80166324	60	func_80166324	high	0	void	2	1	0	ra	
0x80166488	12	bios_B0_35_FileWrite	verified	0	void	2	0	0		bios|leaf
0x80166498	52	func_80166498	high	1	u32	2	0	0		leaf
0x801664D8	180	func_801664D8	verified	4	u32	1	1	40	s0|s1|s2|s3|s4|ra	
0x80166598	60	func_80166598	high	4	u32	1	0	0		leaf
0x801665F8	60	func_801665F8	low	2	u32	0	0	0		leaf|orphan
0x80166678	20	func_80166678	low	1	u32	0	0	0		leaf|orphan
0x80166698	20	func_80166698	low	1	u32	1	0	0		leaf|orphan
0x80166798	144	func_80166798	medium	0	u32	0	2	24	s0|ra	orphan
0x80166828	60	func_80166828	medium	0	u32	1	2	24	ra	orphan
0x801668E8	12	bios_B0_07_DeliverEvent	verified	0	void	0	0	0		bios|leaf|orphan
0x801668F8	1372	func_801668F8	verified	0	u32	3	2	48	s0|s1|ra	
0x80166E54	640	func_80166E54	verified	2	u32	3	6	64	s0|s1|s2|s3|s4|s5|s6|s7|fp|ra	indirect
0x801670D4	712	func_801670D4	medium	2	u32	1	6	64	s0|s1|s2|s3|s4|s5|s6|s7|fp|ra	orphan|indirect
0x8016739C	1036	func_8016739C	high	4	u32	3	7	0	s0|s1|s2|s3|s4|s5|s6|ra	indirect
0x801677A8	136	func_801677A8	high	1	u32	1	0	0		leaf
0x80167830	212	func_80167830	high	0	u32	8	0	0		leaf
0x80167904	240	func_80167904	high	0	u32	2	0	0		leaf
0x80167A40	480	func_80167A40	verified	0	u32	2	6	24	ra	
0x80167C20	360	func_80167C20	medium	1	u32	0	4	48	s0|s1|s2|s3|s4|ra	orphan
0x80167D88	256	func_80167D88	low	2	u32	1	0	0		leaf|orphan
0x80167E88	236	func_80167E88	low	2	u32	1	0	0		leaf|orphan
0x80168058	84	func_80168058	verified	1	void	7	2	24	s0|ra	
0x801680B8	376	func_801680B8	high	1	u32	6	1	0	s0|s1|ra	
0x80168230	152	func_80168230	verified	2	u32	1	3	32	ra	
0x801682C8	12	bios_B0_5B_ChangeClearPad	verified	0	void	3	0	0		bios|leaf
0x801682D8	12	bios_C0_0A_ChangeClearRCnt	verified	0	void	4	0	0		bios|leaf
0x801682E8	48	func_801682E8	high	0	u32	6	0	0	ra	indirect
0x80168318	48	func_80168318	high	0	u32	5	0	0	ra	indirect
0x80168348	48	func_80168348	high	0	u32	4	0	0	ra	indirect
0x80168378	52	func_80168378	verified	1	u32	4	0	24	ra	indirect
0x801683AC	48	func_801683AC	high	0	u32	4	0	0	ra	indirect
0x801683DC	48	func_801683DC	high	0	u32	2	0	0	ra	indirect
0x8016843C	16	func_8016843C	high	0	u32	3	0	0		leaf
0x80168464	24	func_80168464	high	1	u32	4	0	0		leaf
0x80168554	464	func_80168554	medium	0	u32	0	2	40	s0|s1|s2|s3|s4|ra	orphan|indirect
0x80168984	36	func_80168984	low	2	u32	0	0	0		leaf|orphan
0x801689B0	12	bios_A0_72_CdRemove	verified	0	void	0	0	0		bios|leaf|orphan
0x801689C8	12	bios_B0_17_ReturnFromException	verified	0	void	1	0	0		bios|leaf|orphan
0x801689D8	12	bios_B0_18_SetDefaultExitFromException	verified	0	void	0	0	0		bios|leaf|orphan
0x801689E8	12	bios_B0_19_SetCustomExitFromException	verified	0	void	0	0	0		bios|leaf|orphan
0x801689F8	60	func_801689F8	low	1	u32	0	0	0		leaf|gp|orphan
0x80168A78	88	func_80168A78	medium	0	u32	0	2	24	ra	orphan
0x80168B68	36	func_80168B68	low	2	u32	1	0	0		leaf|orphan
0x80168B98	76	func_80168B98	medium	0	u32	0	2	24	ra	orphan
0x80168E10	36	func_80168E10	low	2	u32	1	0	0		leaf|orphan
0x80168E38	20	func_80168E38	high	1	u32	1	0	0		leaf
0x80168E4C	16	func_80168E4C	high	0	u32	3	0	0		leaf
0x80168E68	172	func_80168E68	medium	0	u32	0	4	24	s0|ra	orphan
0x80168F18	56	func_80168F18	verified	0	void	1	4	24	ra	
0x80168F58	160	func_80168F58	verified	0	u32	1	1	24	ra	
0x80168FF8	32	func_80168FF8	medium	0	void	0	1	24	ra	orphan
0x80169018	192	func_80169018	verified	3	u32	2	1	64	ra	
0x801690D8	80	func_801690D8	verified	2	u32	2	1	64	ra	
0x80169128	560	func_80169128	verified	1	u32	1	6	32	s0|s1|s2|ra	break
0x80169358	32	func_80169358	verified	0	void	1	1	24	ra	
0x801696A8	520	func_801696A8	medium	2	u32	0	2	56	s0|s1|s2|s3|s4|s5|ra	break|orphan
0x801698B8	152	func_801698B8	medium	2	u32	0	1	32	s0|s1|s2|ra	orphan
0x80169958	44	func_80169958	medium	2	void	0	1	24	ra	orphan
0x80169988	252	func_80169988	medium	2	u32	1	1	40	s0|s1|s2|s3|ra	orphan
0x80169A84	580	func_80169A84	medium	2	u32	1	2	32	s0|s1|s2|ra	orphan
0x80169CC8	940	func_80169CC8	medium	2	u32	1	2	48	s0|s1|s2|s3|s4|s5|ra	orphan|indirect
0x8016A078	164	func_8016A078	low	2	u32	1	0	0		leaf|orphan
0x8016A128	252	func_8016A128	low	2	u32	1	0	0		leaf|orphan
0x8016A228	96	func_8016A228	low	2	u32	0	0	0		leaf|orphan
0x8016A288	384	func_8016A288	medium	2	u32	0	2	24	s0|ra	orphan
0x8016A468	260	func_8016A468	verified	3	u32	2	1	64	ra	
0x8016A578	328	func_8016A578	verified	1	u32	1	1	24	s0|ra	
0x8016A6C8	540	func_8016A6C8	low	2	u32	0	0	0		leaf|break|orphan
0x8016A8E8	324	func_8016A8E8	verified	0	u32	2	2	104	s0|s1|s2|s3|ra	
0x8016AA38	860	func_8016AA38	verified	4	u32	1	5	64	s0|s1|s2|s3|s4|s5|s6|s7|fp|ra	break
0x8016AD94	116	func_8016AD94	verified	1	u32	1	1	24	ra	
0x8016AF54	132	func_8016AF54	high	3	u32	1	0	0		leaf
0x8016AFD8	456	func_8016AFD8	high	0	u32	1	0	0		leaf
0x8016B1A8	12	func_8016B1A8	low	0	void	1	0	0		leaf|orphan
0x8016B1B8	1156	func_8016B1B8	high	0	u32	1	5	0	s0|s1|s2|s3|s4|s5|s6|s7|ra	indirect
0x8016B648	848	func_8016B648	verified	1	u32	1	5	112	s0|s1|s2|s3|s4|s5|ra	
0x8016B9E4	104	func_8016B9E4	verified	2	u32	1	1	24	ra	
0x8016BA4C	288	func_8016BA4C	high	4	u32	1	0	0		leaf
0x8016BB78	1384	func_8016BB78	verified	1	u32	1	1	40	s0|s1|s2|s3|ra	
0x8016C0E8	192	func_8016C0E8	high	0	u32	4	0	0		leaf
0x8016C1A8	1224	func_8016C1A8	high	2	u32	1	0	0		leaf
0x8016C678	1388	func_8016C678	medium	3	u32	1	1	64	s0|s1|s2|s3|s4|s5|s6|s7|fp|ra	orphan
0x8016CBE4	100	func_8016CBE4	low	3	u32	1	0	0		leaf|orphan
0x8016CCD8	176	func_8016CCD8	low	1	u32	3	1	0	s0|s1|s2|ra	orphan
0x8016CD88	192	func_8016CD88	high	2	u32	2	0	0		leaf
0x8016CE48	12	func_8016CE48	high	1	void	1	0	0		leaf
0x8016CE58	16	func_8016CE58	high	0	u32	1	0	0		leaf
0x8016CE68	12	func_8016CE68	high	0	void	1	0	0		leaf
0x8016CE78	164	func_8016CE78	medium	1	u32	1	3	24	s0|ra	orphan
0x8016CF28	52	func_8016CF28	medium	3	u32	1	1	24	ra	orphan
0x8016CF98	1004	func_8016CF98	medium	4	u32	1	2	1072	s0|s1|s2|s3|s4|s5|s6|ra	orphan|indirect
0x8016D388	192	func_8016D388	medium	2	u32	0	4	40	s0|s1|s2|s3|ra	orphan
0x8016D448	388	func_8016D448	verified	3	u32	1	4	40	s0|s1|s2|s3|s4|ra	
0x8016D5D8	40	func_8016D5D8	verified	1	u32	1	1	24	ra	
0x8016D608	32	func_8016D608	verified	0	void	1	1	24	ra	
0x8016D628	232	func_8016D628	verified	1	u32	1	4	24	s0|ra	
0x8016D710	112	func_8016D710	high	0	u32	1	5	0	ra	
0x8016D788	12	bios_B0_08_OpenEvent	verified	0	void	2	0	0		bios|leaf
0x8016D798	12	bios_B0_0C_EnableEvent	verified	0	void	2	0	0		bios|leaf
0x8016D7A8	640	func_8016D7A8	verified	1	u32	1	3	32	s0|s1|ra	
0x8016DA28	448	func_8016DA28	high	2	u32	2	2	0	s0|s1|s2|s3|ra	
0x8016DD4C	640	func_8016DD4C	high	4	u32	2	2	0	s0|ra	
0x8016DFCC	132	func_8016DFCC	high	2	u32	2	2	0	s0|s1|ra	
0x8016E0B4	68	func_8016E0B4	high	3	u32	1	0	0		leaf
0x8016E0F8	164	func_8016E0F8	high	2	u32	3	0	0		leaf|break
0x8016E230	40	func_8016E230	high	0	u32	1	0	0		leaf
0x8016E258	40	func_8016E258	high	0	u32	1	0	0		leaf
0x8016E280	92	func_8016E280	verified	0	u32	2	0	8		leaf
0x8016E2E8	36	func_8016E2E8	verified	1	void	2	1	24	ra	
0x8016E318	116	func_8016E318	medium	0	u32	1	5	24	ra	orphan
0x8016E398	12	bios_B0_09_CloseEvent	verified	0	void	2	0	0		bios|leaf|orphan
0x8016E3A8	12	bios_B0_0D_DisableEvent	verified	0	void	1	0	0		bios|leaf|orphan
0x8016E3B8	84	func_8016E3B8	high	2	u32	1	0	0		leaf
0x8016E418	124	func_8016E418	medium	1	u32	1	1	24	ra	orphan
0x8016E498	768	func_8016E498	low	0	u32	1	0	0		leaf|orphan
0x8016E798	36	func_8016E798	verified	0	void	1	1	24	ra	
0x8016E7C8	700	func_8016E7C8	high	4	u32	2	0	0		leaf
0x8016EA88	72	func_8016EA88	high	1	u32	1	0	0		leaf
0x8016EAD8	36	func_8016EAD8	verified	0	void	1	1	24	ra	
0x8016EB08	404	func_8016EB08	verified	1	u32	1	3	56	s0|s1|s2|s3|s4|s5|ra	
0x8016ECA8	12	bios_B0_0A_WaitEvent	verified	0	void	1	0	0		bios|leaf
0x8016ED38	140	func_8016ED38	high	1	u32	1	0	0		leaf
0x8016EDC8	444	func_8016EDC8	high	2	u32	1	0	0		leaf
0x8016EF88	144	func_8016EF88	high	1	u32	1	0	0		leaf
0x8016F018	92	func_8016F018	medium	2	u32	1	1	24	s0|ra	orphan
0x8016F078	92	func_8016F078	verified	1	u32	2	1	24	ra	
0x8016F0D8	48	func_8016F0D8	high	1	u32	3	0	0		leaf
0x8016F108	136	func_8016F108	verified	2	u32	1	2	32	s0|s1|ra	
0x8016F198	164	func_8016F198	high	1	u32	1	1	0	s0|s1|ra	
0x8016F248	12	bios_B0_0B_TestEvent	verified	0	void	4	0	0		bios|leaf
0x8016F258	40	func_8016F258	high	1	u32	5	0	0		leaf
0x8016F280	24	func_8016F280	low	0	u32	2	0	0		leaf|orphan
0x8016F298	892	func_8016F298	high	1	u32	3	0	0		leaf
0x8016F618	1528	func_8016F618	verified	1	u32	3	2	56	s0|s1|s2|s3|s4|s5|ra	
0x8016FC18	208	func_8016FC18	high	4	u32	1	0	0		leaf
0x8016FE18	96	func_8016FE18	low	3	u32	0	0	0		leaf|orphan
0x8016FE78	28	func_8016FE78	high	2	u32	1	0	0		leaf
0x8016FE98	48	func_8016FE98	verified	0	void	1	3	24	ra	
0x8016FEC8	32	func_8016FEC8	medium	0	void	0	1	24	ra	orphan
0x8016FEE8	12	bios_A0_70__bu_init	verified	0	void	1	0	0		bios|leaf
0x8016FEF8	108	func_8016FEF8	verified	1	void	1	8	24	s0|ra	
0x8016FF64	56	func_8016FF64	verified	0	void	1	4	24	ra	
0x8016FF9C	40	func_8016FF9C	medium	0	void	1	2	24	ra	orphan
0x8016FFD4	16	func_8016FFD4	high	0	u32	1	0	0		leaf
0x8017016C	120	func_8017016C	medium	0	u32	0	4	24	s0|ra	orphan
0x801701E4	56	func_801701E4	medium	0	u32	0	3	24	ra	orphan
0x801702C8	12	bios_B0_12_InitPad	verified	0	void	0	0	0		bios|leaf|orphan
0x801702D8	12	bios_B0_13_StartPad	verified	0	void	0	0	0		bios|leaf|orphan
0x801702E8	12	bios_B0_14_StopPad	verified	0	void	0	0	0		bios|leaf|orphan
0x801702F8	12	bios_B0_15_OutdatedPadInitAndStart	verified	0	void	0	0	0		bios|leaf|orphan
0x80170308	12	bios_C0_02_SysEnqIntRP	verified	0	void	2	0	0		bios|leaf
0x80170318	12	bios_C0_03_SysDeqIntRP	verified	0	void	7	0	0		bios|leaf
0x80170328	20	func_80170328	low	0	void	0	0	0		leaf|orphan|indirect
0x8017033C	20	func_8017033C	low	0	void	0	0	0		leaf|orphan|indirect
0x80170350	112	func_80170350	low	0	u32	0	2	0		orphan|indirect
0x801703C8	12	bios_A0_44_FlushCache	verified	0	void	7	0	0		bios|leaf
0x801703D8	104	func_801703D8	low	0	u32	0	3	0		orphan|indirect
0x80170448	12	bios_B0_4A_InitCard	verified	0	void	1	0	0		bios|leaf
0x80170458	12	bios_B0_4B_StartCard	verified	0	void	1	0	0		bios|leaf
0x80170468	12	bios_B0_4C_StopCard	verified	0	void	1	0	0		bios|leaf|orphan
0x80170510	148	func_80170510	high	0	u32	2	2	0		addr_taken|indirect
0x801705A4	112	func_801705A4	high	0	u32	1	3	0		indirect
0x80170614	52	func_80170614	high	0	u32	1	0	0		leaf
0x80170648	112	func_80170648	low	0	u32	1	3	0		orphan|indirect
0x801706C8	112	func_801706C8	verified	0	u32	1	3	24	s0|ra	
0x80170738	64	func_80170738	medium	0	u32	0	2	24	ra	orphan
0x80170778	104	func_80170778	medium	1	u32	0	2	24	ra	orphan
0x80170AE0	104	func_80170AE0	medium	1	u32	1	2	24	ra	orphan
0x80170DF0	392	func_80170DF0	medium	3	u32	0	9	56	s0|s1|s2|s3|s4|s5|ra	orphan
0x80170F78	68	func_80170F78	medium	0	u32	1	1	24	s0|ra	orphan
0x80170FBC	184	func_80170FBC	medium	3	u32	0	2	24	ra	orphan
0x801715FC	280	func_801715FC	medium	4	u32	0	4	48	s0|s1|s2|s3|s4|s5|s6|ra	orphan
0x80171AB4	20	func_80171AB4	high	1	u32	5	0	0		leaf
0x80171AC8	284	func_80171AC8	low	3	u32	1	0	0		leaf|orphan
0x80171BE4	508	func_80171BE4	medium	3	u32	0	7	80	s0|s1|s2|s3|s4|ra	orphan
0x80171F94	188	func_80171F94	medium	1	u32	0	8	24	s0|ra	orphan
0x80172104	84	func_80172104	low	1	u32	1	0	0		leaf|orphan
0x80172204	92	func_80172204	low	2	u32	3	0	0		leaf|orphan
0x80172268	12	bios_B0_32_FileOpen	verified	0	void	2	0	0		bios|leaf|orphan
0x80172278	12	bios_B0_33_FileSeek	verified	0	void	0	0	0		bios|leaf|orphan
0x80172288	12	bios_B0_34_FileRead	verified	0	void	0	0	0		bios|leaf|orphan
0x80172298	12	bios_B0_36_FileClose	verified	0	void	3	0	0		bios|leaf|orphan
0x801722A8	12	bios_B0_43_nextfile	verified	0	void	0	0	0		bios|leaf|orphan
0x801722B8	12	bios_B0_45_FileDelete	verified	0	void	0	0	0		bios|leaf|orphan
0x801722C8	412	func_801722C8	medium	2	u32	0	2	40	s0|s1|s2|s3|ra	orphan
0x80172568	12	bios_B0_42_firstfile	verified	0	void	1	0	0		bios|leaf|orphan
0x80172578	164	func_80172578	medium	2	u32	3	1	32	s0|s1|s2|ra	orphan
0x80172628	100	func_80172628	low	3	u32	1	0	0		leaf|orphan
0x80172698	12	bios_A0_AB	verified	0	void	0	0	0		bios|leaf|orphan
0x801726A8	12	bios_A0_AC	verified	0	void	1	0	0		bios|leaf|orphan
0x801726B8	12	bios_B0_4E__card_write	verified	0	void	2	0	0		bios|leaf|orphan
0x801726C8	12	bios_B0_50__new_card	verified	0	void	2	0	0		bios|leaf|orphan
0x801726D8	52	func_801726D8	medium	1	void	0	2	24	s0|ra	orphan
0x80172718	324	func_80172718	medium	3	u32	1	6	176	s0|s1|s2|s3|s4|s5|ra	orphan
0x8017285C	524	func_8017285C	medium	1	u32	1	2	56	s0|s1|s2|s3|s4|s5|s6|s7|fp|ra	orphan
0x80172A68	12	bios_B0_4F__card_read	verified	0	void	1	0	0		bios|leaf|orphan
0x80172A78	12	bios_B0_5C_get_card_status	verified	0	void	1	0	0		bios|leaf|orphan
0x80172A88	16	func_80172A88	high	0	u32	1	0	0		leaf
0x80172A98	124	func_80172A98	low	0	u32	6	1	0	ra	orphan
0x80172B14	108	func_80172B14	low	0	u32	0	0	0	ra	orphan|indirect
0x80172B80	16	func_80172B80	low	0	u32	0	0	0		leaf|orphan
0x80172C68	476	func_80172C68	verified	0	u32	1	5	24	s0|ra	
0x80172E64	180	func_80172E64	medium	0	u32	1	3	24	s0|ra	orphan
0x80172F18	264	func_80172F18	high	0	u32	3	1	0	ra	
0x80173020	216	func_80173020	medium	0	u32	1	1	24	s0|ra	orphan
0x801730F8	216	func_801730F8	medium	0	u32	1	1	24	s0|ra	orphan
0x801731D0	60	func_801731D0	low	0	u32	1	0	0		leaf|orphan
0x8017320C	60	func_8017320C	low	0	u32	0	0	0		leaf|orphan
0x80173248	48	func_80173248	high	1	u32	2	0	0		leaf
0x80173278	236	func_80173278	low	0	u32	0	0	0		leaf|orphan
0x80173364	96	func_80173364	low	0	u32	1	0	0		leaf|orphan
0x801733C4	84	func_801733C4	high	0	u32	2	0	0		leaf
0x80173418	496	func_80173418	medium	2	u32	0	1	120	s0|s1|s2|s3|s4|s5|s6|s7|fp|ra	orphan|indirect
0x80173608	112	func_80173608	verified	0	u32	2	2	24	ra	
0x8017389C	140	func_8017389C	medium	3	u32	1	1	24	s0|ra	orphan
0x80173928	324	func_80173928	verified	0	u32	1	9	32	s0|s1|ra	
0x80173A6C	268	func_80173A6C	medium	0	u32	0	5	32	s0|s1|ra	orphan
0x80173B98	580	func_80173B98	verified	4	u32	5	4	48	s0|s1|s2|s3|s4|s5|ra	
0x80173DDC	52	func_80173DDC	verified	3	u32	6	1	32	ra	
0x80173E10	880	func_80173E10	verified	4	u32	1	5	136	s0|s1|s2|s3|s4|s5|s6|s7|ra	
0x80174180	496	func_80174180	verified	2	u32	1	2	32	s0|s1|ra	
0x80174370	148	func_80174370	medium	1	u32	0	2	24	s0|ra	orphan
0x80174404	144	func_80174404	verified	0	u32	4	3	24	ra	
0x80174494	76	func_80174494	medium	0	u32	0	2	24	s0|ra	orphan
0x801744E0	16	func_801744E0	high	0	u32	3	0	0		leaf
0x801744F0	32	func_801744F0	verified	0	u32	1	1	24	ra	
0x801746F8	152	func_801746F8	verified	0	u32	1	5	24	ra	
0x80174790	224	func_80174790	verified	0	u32	1	1	24	s0|ra	
0x80174870	64	func_80174870	medium	0	void	0	2	24	ra	orphan
0x801748B0	124	func_801748B0	verified	1	u32	1	1	24	ra	
0x8017492C	12	func_8017492C	high	1	void	1	0	0		leaf
0x80174938	12	func_80174938	high	1	void	1	0	0		leaf
0x80174944	12	func_80174944	high	1	void	1	0	0		leaf
0x80174950	12	func_80174950	high	1	void	1	0	0		leaf
0x8017495C	24	func_8017495C	high	1	u32	4	0	0		leaf
0x80174974	16	func_80174974	low	0	u32	0	0	0		leaf|orphan
0x80174984	16	func_80174984	low	0	u32	1	0	0		leaf|orphan
0x80174994	12	func_80174994	low	0	u32	2	0	0		leaf|orphan
0x801749B0	16	func_801749B0	low	0	u32	1	0	0		leaf|orphan
0x801749C0	16	func_801749C0	high	0	u32	1	0	0		leaf
0x801749D0	36	func_801749D0	verified	1	void	1	1	24	ra	
0x801749F4	36	func_801749F4	medium	1	void	1	1	24	ra	orphan
0x80174A18	16	func_80174A18	low	0	u32	0	0	0		leaf|orphan
0x80174A28	64	func_80174A28	medium	1	u32	1	1	24	ra	orphan
0x80174A68	472	func_80174A68	verified	2	u32	2	3	32	s0|s1|s2|ra	
0x80174F10	136	func_80174F10	medium	0	u32	0	2	24	ra	orphan
0x801750A8	484	func_801750A8	medium	2	u32	0	0	24	ra	orphan|indirect
0x8017528C	648	func_8017528C	medium	2	u32	0	0	24	s0|ra	orphan|indirect
0x80175514	236	func_80175514	medium	1	u32	0	0	24	ra	orphan|indirect
0x80175694	176	func_80175694	medium	2	u32	0	1	24	ra	orphan
0x80175744	120	func_80175744	verified	0	u32	3	1	24	s0|ra	
0x801757BC	16	func_801757BC	high	0	u32	3	0	0		leaf
0x801757CC	16	func_801757CC	high	0	u32	1	0	0		leaf
0x801757DC	72	func_801757DC	high	2	u32	3	0	0		leaf
0x80175824	72	func_80175824	high	2	u32	4	0	0		leaf
0x80175948	32	func_80175948	verified	0	u32	1	1	24	ra	
0x80175968	32	func_80175968	medium	0	u32	0	1	24	ra	orphan
0x80175988	32	func_80175988	medium	0	u32	0	1	24	ra	orphan
0x801759C8	260	func_801759C8	high	2	u32	3	0	0		leaf
0x80175ACC	128	func_80175ACC	high	1	u32	2	0	0		leaf
0x80175B60	84	func_80175B60	medium	1	u32	0	1	24	s0|ra	orphan
0x8017600C	156	func_8017600C	medium	1	u32	0	7	24	ra	orphan
0x801760A8	28	func_801760A8	high	1	u32	1	0	0		leaf
0x801760C8	132	func_801760C8	medium	2	u32	0	2	32	s0|s1|ra	orphan
0x8017614C	100	func_8017614C	verified	0	u32	2	3	24	s0|ra	
0x801761B0	20	func_801761B0	high	1	u32	3	0	0		leaf
0x80176558	120	func_80176558	medium	0	u32	0	6	40	s0|s1|ra	orphan
0x80176600	16	func_80176600	low	0	u32	0	0	0		leaf|orphan
0x80176610	80	func_80176610	verified	0	u32	3	2	24	s0|ra	
0x80176668	20	func_80176668	high	1	u32	2	0	0		leaf
0x8017667C	20	func_8017667C	high	1	u32	5	0	0		leaf
0x80176690	20	func_80176690	high	1	u32	3	0	0		leaf
0x801766A4	36	func_801766A4	medium	1	void	1	1	24	ra	orphan
0x801766E8	32	func_801766E8	verified	0	void	1	1	24	ra	
0x80176774	204	func_80176774	low	0	u32	1	0	0	ra	orphan|indirect
0x80176840	248	func_80176840	low	3	u32	1	0	0	s0|s1|ra	orphan|indirect
0x80176AB4	56	func_80176AB4	low	2	u32	1	1	0	s0|ra	orphan|indirect
0x80176B34	72	func_80176B34	low	3	u32	1	1	0	s0|s1|ra	orphan|indirect
0x80176CA0	44	func_80176CA0	high	0	u32	1	0	0		leaf
0x80176EC4	20	func_80176EC4	low	0	u32	0	0	0		leaf|orphan
0x80176ED8	204	func_80176ED8	verified	0	u32	1	5	24	s0|ra	indirect
0x80176FA4	68	func_80176FA4	medium	0	void	0	4	24	ra	orphan
0x80176FE8	820	func_80176FE8	medium	1	u32	0	4	32	s0|s1|ra	orphan|indirect
0x8017731C	240	func_8017731C	medium	1	u32	0	2	24	s0|ra	orphan|indirect
0x8017740C	528	func_8017740C	medium	2	u32	0	1	40	s0|s1|s2|s3|ra	orphan
0x8017761C	632	func_8017761C	medium	2	u32	0	2	40	s0|s1|s2|s3|ra	orphan
0x80177894	144	func_80177894	medium	0	u32	2	1	24	ra	orphan
0x80177924	40	func_80177924	low	0	u32	1	0	0		leaf|orphan
0x80177958	12	func_80177958	low	3	void	1	0	0		leaf|orphan
0x80177974	132	func_80177974	medium	1	u32	0	3	24	ra	orphan
0x801779F8	624	func_801779F8	medium	1	u32	0	2	24	s0|ra	orphan|indirect
0x80177C68	56	func_80177C68	low	1	u32	1	0	0		leaf|orphan
0x80177CA0	212	func_80177CA0	medium	2	u32	1	0	32	s0|s1|ra	orphan|indirect
0x80178214	104	func_80178214	medium	2	u32	1	0	32	s0|s1|ra	orphan|indirect
0x80178360	152	func_80178360	medium	3	u32	0	0	40	s0|s1|s2|s3|ra	orphan|indirect
0x801784AC	32	func_801784AC	low	2	u32	0	0	0		leaf|orphan
0x801784CC	20	func_801784CC	low	1	u32	1	0	0		leaf|orphan
0x801784E0	32	func_801784E0	low	2	u32	1	0	0		leaf|orphan
0x80178500	32	func_80178500	low	2	u32	0	0	0		leaf|orphan
0x80178520	32	func_80178520	low	2	u32	1	0	0		leaf|orphan
0x80178540	20	func_80178540	low	1	u32	0	0	0		leaf|orphan
0x80178B88	352	func_80178B88	verified	2	u32	1	4	32	s0|s1|s2|ra	
0x80178E44	16	func_80178E44	high	1	u32	1	0	0		leaf|addr_taken
0x801791E8	52	func_801791E8	high	0	u32	1	0	0		leaf
0x80179590	224	func_80179590	medium	1	u32	0	0	24	s0|ra	orphan|indirect
0x801796A8	32	func_801796A8	low	1	u32	3	0	0		leaf|orphan
0x801796C8	160	func_801796C8	low	0	u32	4	0	0		leaf|orphan
0x80179768	112	func_80179768	verified	0	u32	1	5	24	s0|ra	
0x801797D8	64	func_801797D8	medium	0	void	0	4	24	ra	orphan
0x80179818	84	func_80179818	high	2	u32	1	0	0		leaf
0x80179A94	324	func_80179A94	low	0	u32	0	4	0	ra	orphan
0x80179BD8	212	func_80179BD8	medium	1	u32	1	1	24	s0|ra	orphan
0x80179CAC	32	func_80179CAC	low	1	u32	1	0	0		leaf|orphan
0x80179CCC	160	func_80179CCC	low	0	u32	1	0	0		leaf|orphan
0x80179D6C	408	func_80179D6C	low	1	u32	1	1	0	ra	orphan
0x80179F04	332	func_80179F04	low	3	u32	0	0	0		leaf|orphan
0x8017A058	80	func_8017A058	low	1	u32	1	0	0		leaf|orphan
0x8017A0A8	540	func_8017A0A8	low	0	u32	1	2	0	s0|ra	orphan|indirect
0x8017A2C4	172	func_8017A2C4	low	2	u32	0	0	0		leaf|orphan
0x8017BAAC	176	func_8017BAAC	low	3	u32	0	0	0		leaf|orphan
0x8017BBDC	164	func_8017BBDC	low	1	u32	0	0	0		leaf|orphan
0x8017C02C	44	func_8017C02C	medium	0	void	0	1	24	ra	orphan
0x8017C058	168	func_8017C058	low	3	u32	1	0	0		leaf|orphan
0x8017CAD8	96	func_8017CAD8	low	2	u32	0	0	0		leaf|orphan
0x8017CB38	244	func_8017CB38	low	4	u32	0	2	0		orphan|indirect
0x8017CC2C	120	func_8017CC2C	low	0	u32	1	2	0		orphan
0x8017CCB8	64	func_8017CCB8	low	0	u32	2	0	0		leaf|orphan
0x8017CCF8	368	func_8017CCF8	low	0	u32	1	0	0		leaf|mmio|orphan|indirect
